fold,true_label,pred_label
0,Passive to Active Voice,Total Omission
0,Passive to Active Voice,Total Omission
0,Passive to Active Voice,Passive to Active Voice
0,Passive to Active Voice,Passive to Active Voice
0,Passive to Active Voice,Passive to Active Voice
0,Definiteness Shift,Definiteness Shift
0,Definiteness Shift,Definiteness Shift
0,Definiteness Shift,Definiteness Shift
0,Definiteness Shift,Definiteness Shift
0,Definiteness Shift,Definiteness Shift
0,Definiteness Shift,Definiteness Shift
0,Definiteness Shift,Definiteness Shift
0,Definiteness Shift,Definiteness Shift
0,Definiteness Shift,Definiteness Shift
0,Definiteness Shift,Register Mismatch
0,Definiteness Shift,Definiteness Shift
0,Definiteness Shift,Register Mismatch
0,Register Mismatch,Total Omission
0,Register Mismatch,Total Omission
0,Register Mismatch,Total Omission
0,Register Mismatch,Total Omission
0,Register Mismatch,Total Omission
0,Register Mismatch,Total Omission
0,Register Mismatch,Total Omission
0,Register Mismatch,Literal Translation
0,Register Mismatch,Total Omission
0,Register Mismatch,Total Omission
0,Register Mismatch,Total Omission
0,Register Mismatch,Total Omission
0,Register Mismatch,Total Omission
0,Register Mismatch,Total Omission
0,Register Mismatch,Total Omission
0,Register Mismatch,Name Entity Error
0,Register Mismatch,Name Entity Error
0,Register Mismatch,Literal Translation
0,Register Mismatch,Literal Translation
0,Register Mismatch,Perfective to Progressive
0,Register Mismatch,Perfective to Progressive
0,Register Mismatch,Perfective to Progressive
0,Register Mismatch,Perfective to Progressive
0,Register Mismatch,Literal Translation
0,Register Mismatch,Active to Passive Voice
0,Register Mismatch,Literal Translation
0,Register Mismatch,Passive to Active Voice
0,Register Mismatch,Register Mismatch
0,Register Mismatch,Register Mismatch
0,Register Mismatch,Register Mismatch
0,Register Mismatch,Total Omission
0,Register Mismatch,Total Omission
0,Register Mismatch,Total Omission
0,Register Mismatch,Total Omission
0,Register Mismatch,Total Omission
0,Register Mismatch,Total Omission
0,Register Mismatch,Total Omission
0,Register Mismatch,Total Omission
0,Register Mismatch,Total Omission
0,Register Mismatch,Total Omission
0,Register Mismatch,Total Omission
0,Register Mismatch,Total Omission
0,Register Mismatch,Progressive to Perfective
0,Register Mismatch,Progressive to Perfective
0,Register Mismatch,Literal Translation
0,Register Mismatch,Total Omission
0,Register Mismatch,Total Omission
0,Register Mismatch,Total Omission
0,Register Mismatch,Total Omission
0,Register Mismatch,Register Mismatch
0,Register Mismatch,Passive to Active Voice
0,Register Mismatch,Register Mismatch
0,Register Mismatch,Passive to Active Voice
0,Register Mismatch,Total Omission
0,Register Mismatch,Total Omission
0,Register Mismatch,Total Omission
0,Register Mismatch,Total Omission
0,Register Mismatch,Total Omission
0,Register Mismatch,Total Omission
0,Register Mismatch,Total Omission
0,Register Mismatch,Total Omission
0,Register Mismatch,Total Omission
0,Register Mismatch,Total Omission
0,Register Mismatch,Total Omission
0,Register Mismatch,Register Mismatch
0,Register Mismatch,Register Mismatch
0,Register Mismatch,Register Mismatch
0,Register Mismatch,Total Omission
0,Register Mismatch,Total Omission
0,Register Mismatch,Total Omission
0,Register Mismatch,Total Omission
0,Register Mismatch,Literal Translation
0,Register Mismatch,Literal Translation
0,Register Mismatch,Total Omission
0,Register Mismatch,Total Omission
0,Register Mismatch,Total Omission
0,Register Mismatch,Terminology Substitution
0,Register Mismatch,Tanween Omission
0,Register Mismatch,Terminology Substitution
0,Register Mismatch,Terminology Substitution
0,Register Mismatch,Total Omission
0,Register Mismatch,Total Omission
0,Register Mismatch,Total Omission
0,Register Mismatch,Total Omission
0,Register Mismatch,Hypernym for Hyponym
0,Register Mismatch,Hypernym for Hyponym
0,Register Mismatch,Hypernym for Hyponym
0,Register Mismatch,Hypernym for Hyponym
0,Register Mismatch,Register Mismatch
0,Register Mismatch,Register Mismatch
0,Register Mismatch,Register Mismatch
0,Register Mismatch,Register Mismatch
0,Register Mismatch,Total Omission
0,Register Mismatch,Total Omission
0,Register Mismatch,Total Omission
0,Register Mismatch,Total Omission
0,Gender Disagreement,Total Omission
0,Gender Disagreement,Total Omission
0,Hypernym for Hyponym,Literal Translation
0,Hypernym for Hyponym,Literal Translation
0,Hypernym for Hyponym,Literal Translation
0,Hypernym for Hyponym,Literal Translation
0,Hypernym for Hyponym,Total Omission
0,Hypernym for Hyponym,Literal Translation
0,Hypernym for Hyponym,Literal Translation
0,Hypernym for Hyponym,Total Omission
0,Hypernym for Hyponym,Literal Translation
0,Hypernym for Hyponym,Literal Translation
0,Hypernym for Hyponym,Literal Translation
0,Hypernym for Hyponym,Literal Translation
0,Hypernym for Hyponym,Total Omission
0,Hypernym for Hyponym,Total Omission
0,Hypernym for Hyponym,Total Omission
0,Hypernym for Hyponym,Total Omission
0,Hypernym for Hyponym,Progressive to Perfective
0,Hypernym for Hyponym,Progressive to Perfective
0,Hypernym for Hyponym,Hypernym for Hyponym
0,Hypernym for Hyponym,Hypernym for Hyponym
0,Hypernym for Hyponym,Hypernym for Hyponym
0,Hypernym for Hyponym,Total Omission
0,Hypernym for Hyponym,Passive to Active Voice
0,Hypernym for Hyponym,Passive to Active Voice
0,Hypernym for Hyponym,Passive to Active Voice
0,Hypernym for Hyponym,Passive to Active Voice
0,Hypernym for Hyponym,Total Omission
0,Hypernym for Hyponym,Total Omission
0,Hypernym for Hyponym,Total Omission
0,Hypernym for Hyponym,Total Omission
0,Hyponym for Hypernym,Literal Translation
0,Hyponym for Hypernym,Literal Translation
0,Hyponym for Hypernym,Literal Translation
0,Hyponym for Hypernym,Literal Translation
0,Hyponym for Hypernym,Register Mismatch
0,Hyponym for Hypernym,Register Mismatch
0,Hyponym for Hypernym,Register Mismatch
0,Hyponym for Hypernym,Hyponym for Hypernym
0,Hyponym for Hypernym,Hyponym for Hypernym
0,Invalid Pattern,Total Omission
0,Invalid Pattern,Total Omission
0,Invalid Pattern,Invalid Pattern
0,Invalid Pattern,Invalid Pattern
0,Invalid Pattern,Invalid Pattern
0,Invalid Pattern,Invalid Pattern
0,Literal Translation,Literal Translation
0,Literal Translation,Literal Translation
0,Literal Translation,Literal Translation
0,Literal Translation,Literal Translation
0,Literal Translation,Total Omission
0,Literal Translation,Total Omission
0,Literal Translation,Total Omission
0,Literal Translation,Total Omission
0,Meaning Shift,Total Omission
0,Meaning Shift,Total Omission
0,Meaning Shift,Total Omission
0,Meaning Shift,Total Omission
0,Meaning Shift,Total Omission
0,Meaning Shift,Total Omission
0,Meaning Shift,Total Omission
0,Meaning Shift,Total Omission
0,Meaning Shift,Total Omission
0,Meaning Shift,Total Omission
0,Meaning Shift,Noun to Adjective
0,Meaning Shift,Noun to Adjective
0,Meaning Shift,Noun to Adjective
0,Meaning Shift,Total Omission
0,Meaning Shift,Register Mismatch
0,Meaning Shift,Register Mismatch
0,Meaning Shift,Register Mismatch
0,Meaning Shift,Total Omission
0,Meaning Shift,Hyponym for Hypernym
0,Meaning Shift,Total Omission
0,Meaning Shift,Hyponym for Hypernym
0,Meaning Shift,Terminology Substitution
0,Meaning Shift,Total Omission
0,Meaning Shift,Total Omission
0,Meaning Shift,Total Omission
0,Meaning Shift,Meaning Shift
0,Meaning Shift,Total Omission
0,Meaning Shift,Total Omission
0,Meaning Shift,Total Omission
0,Meaning Shift,Total Omission
0,Meaning Shift,Total Omission
0,Meaning Shift,Total Omission
0,Meaning Shift,Total Omission
0,Meaning Shift,Total Omission
0,Meaning Shift,Total Omission
0,Meaning Shift,Total Omission
0,Meaning Shift,Total Omission
0,Meaning Shift,Hypernym for Hyponym
0,Meaning Shift,Hypernym for Hyponym
0,Meaning Shift,Hypernym for Hyponym
0,Meaning Shift,Hypernym for Hyponym
0,Meaning Shift,Total Omission
0,Meaning Shift,Total Omission
0,Meaning Shift,Total Omission
0,Meaning Shift,Total Omission
0,Meaning Shift,Total Omission
0,Meaning Shift,Hyponym for Hypernym
0,Meaning Shift,Hyponym for Hypernym
0,Meaning Shift,Total Omission
0,Meaning Shift,Total Omission
0,Meaning Shift,Total Omission
0,Meaning Shift,Total Omission
0,Meaning Shift,Register Mismatch
0,Meaning Shift,Register Mismatch
0,Meaning Shift,Register Mismatch
0,Meaning Shift,Register Mismatch
0,Meaning Shift,Total Omission
0,Meaning Shift,Total Omission
0,Meaning Shift,Total Omission
0,Meaning Shift,Total Omission
0,Meaning Shift,Total Omission
0,Meaning Shift,Progressive to Perfective
0,Meaning Shift,Progressive to Perfective
0,Meaning Shift,Total Omission
0,Meaning Shift,Total Omission
0,Meaning Shift,Total Omission
0,Meaning Shift,Total Omission
0,Meaning Shift,Total Omission
0,Meaning Shift,Total Omission
0,Meaning Shift,Noun to Adjective
0,Name Entity Error,Total Omission
0,Name Entity Error,Total Omission
0,Noun to Adjective,Total Omission
0,Noun to Adjective,Total Omission
0,Partial Translation,Total Omission
0,Partial Translation,Total Omission
0,Partial Translation,Total Omission
0,Partial Translation,Total Omission
0,Partial Translation,Total Omission
0,Partial Translation,Total Omission
0,Partial Translation,Total Omission
0,Spelling Error,Total Omission
0,Tanween Omission,Tanween Omission
0,Tanween Omission,Tanween Omission
0,Tanween Omission,Tanween Omission
0,Tanween Omission,Tanween Omission
0,Tanween Omission,Total Omission
0,Tanween Omission,Tanween Omission
0,Tanween Omission,Tanween Omission
0,Tanween Omission,Register Mismatch
0,Terminology Substitution,Total Omission
0,Terminology Substitution,Total Omission
0,Terminology Substitution,Total Omission
0,Terminology Substitution,Total Omission
0,Terminology Substitution,Total Omission
0,Terminology Substitution,Total Omission
0,Terminology Substitution,Terminology Substitution
0,Terminology Substitution,Progressive to Perfective
0,Terminology Substitution,Progressive to Perfective
0,Terminology Substitution,Progressive to Perfective
0,Terminology Substitution,Progressive to Perfective
0,Terminology Substitution,Total Omission
0,Terminology Substitution,Total Omission
0,Terminology Substitution,Total Omission
0,Terminology Substitution,Total Omission
0,Terminology Substitution,Total Omission
0,Terminology Substitution,Total Omission
0,Terminology Substitution,Total Omission
0,Terminology Substitution,Terminology Substitution
0,Terminology Substitution,Terminology Substitution
0,Terminology Substitution,Wrong Structure
0,Terminology Substitution,Wrong Structure
0,Terminology Substitution,Name Entity Error
0,Terminology Substitution,Name Entity Error
0,Terminology Substitution,Name Entity Error
0,Terminology Substitution,Name Entity Error
0,Terminology Substitution,Total Omission
0,Terminology Substitution,Total Omission
0,Terminology Substitution,Register Mismatch
0,Terminology Substitution,Total Omission
0,Terminology Substitution,Progressive to Perfective
0,Terminology Substitution,Total Omission
0,Terminology Substitution,Total Omission
0,Terminology Substitution,Total Omission
0,Terminology Substitution,Total Omission
0,Terminology Substitution,Total Omission
0,Terminology Substitution,Total Omission
0,Terminology Substitution,Total Omission
0,Terminology Substitution,Total Omission
0,Terminology Substitution,Total Omission
0,Terminology Substitution,Total Omission
0,Terminology Substitution,Total Omission
0,Terminology Substitution,Total Omission
0,Terminology Substitution,Total Omission
0,Terminology Substitution,Progressive to Perfective
0,Terminology Substitution,Progressive to Perfective
0,Terminology Substitution,Progressive to Perfective
0,Terminology Substitution,Progressive to Perfective
0,Terminology Substitution,Terminology Substitution
0,Terminology Substitution,Terminology Substitution
0,Terminology Substitution,Terminology Substitution
0,Terminology Substitution,Terminology Substitution
0,Total Omission,Total Omission
0,Total Omission,Total Omission
0,Total Omission,Total Omission
0,Total Omission,Total Omission
0,Total Omission,Total Omission
0,Total Omission,Total Omission
0,Total Omission,Total Omission
0,Total Omission,Total Omission
0,Total Omission,Total Omission
0,Total Omission,Total Omission
0,Total Omission,Total Omission
0,Total Omission,Total Omission
0,Total Omission,Progressive to Perfective
0,Total Omission,Total Omission
0,Total Omission,Total Omission
0,Total Omission,Total Omission
0,Total Omission,Total Omission
0,Total Omission,Total Omission
0,Total Omission,Total Omission
0,Total Omission,Total Omission
0,Total Omission,Total Omission
0,Total Omission,Total Omission
0,Total Omission,Total Omission
0,Total Omission,Total Omission
0,Total Omission,Total Omission
0,Total Omission,Total Omission
0,Total Omission,Total Omission
0,Total Omission,Total Omission
0,Total Omission,Total Omission
0,Total Omission,Total Omission
0,Total Omission,Total Omission
0,Total Omission,Total Omission
0,Total Omission,Total Omission
0,Total Omission,Total Omission
0,Total Omission,Total Omission
0,Total Omission,Total Omission
0,Total Omission,Total Omission
0,Total Omission,Total Omission
0,Total Omission,Total Omission
0,Total Omission,Total Omission
0,Total Omission,Total Omission
0,Total Omission,Total Omission
0,Total Omission,Total Omission
0,Total Omission,Total Omission
0,Total Omission,Total Omission
0,Total Omission,Total Omission
0,Total Omission,Total Omission
0,Total Omission,Total Omission
0,Total Omission,Total Omission
0,Total Omission,Total Omission
0,Total Omission,Literal Translation
0,Total Omission,Tense Shift Under Negation
0,Total Omission,Literal Translation
0,Total Omission,Tense Shift Under Negation
0,Total Omission,Total Omission
0,Total Omission,Total Omission
0,Total Omission,Total Omission
0,Total Omission,Total Omission
0,Total Omission,Total Omission
0,Total Omission,Total Omission
0,Total Omission,Total Omission
0,Total Omission,Name Entity Error
0,Wrong Structure,Total Omission
0,Wrong Word Order,Total Omission
0,Wrong Word Order,Total Omission
0,Wrong Word Order,Total Omission
0,Wrong Word Order,Total Omission
0,Wrong Word Order,Total Omission
0,Wrong Word Order,Total Omission
0,Wrong Word Order,Total Omission
0,Wrong Word Order,Total Omission
0,Wrong Word Order,Total Omission
0,Wrong Word Order,Total Omission
0,Wrong Word Order,Total Omission
0,Wrong Word Order,Total Omission
0,Wrong Word Order,Terminology Substitution
0,Perfective to Progressive,Total Omission
0,Perfective to Progressive,Total Omission
0,Perfective to Progressive,Total Omission
0,Perfective to Progressive,Total Omission
0,Perfective to Progressive,Total Omission
0,Progressive to Perfective,Progressive to Perfective
0,Progressive to Perfective,Progressive to Perfective
0,Progressive to Perfective,Progressive to Perfective
0,Progressive to Perfective,Progressive to Perfective
0,Progressive to Perfective,Progressive to Perfective
0,Progressive to Perfective,Total Omission
0,Tense Shift Under Negation,Tense Shift Under Negation
0,Tense Shift Under Negation,Tense Shift Under Negation
0,Tense Shift Under Negation,Total Omission
0,Spelling Error,Total Omission
0,Wrong Structure,Tanween Omission
0,Wrong Structure,Tanween Omission
0,Literal Translation,Total Omission
0,Literal Translation,Total Omission
0,Literal Translation,Total Omission
0,Literal Translation,Total Omission
0,Literal Translation,Active to Passive Voice
0,Literal Translation,Active to Passive Voice
0,Literal Translation,Active to Passive Voice
0,Tanween Omission,Total Omission
0,Tanween Omission,Perfective to Progressive
0,Tanween Omission,Perfective to Progressive
0,Tanween Omission,Total Omission
0,Tanween Omission,Total Omission
0,Tanween Omission,Total Omission
0,Gender Disagreement,Hypernym for Hyponym
0,Gender Disagreement,Total Omission
0,Noun to Adjective,Total Omission
0,Invalid Pattern,Invalid Pattern
0,Invalid Pattern,Invalid Pattern
0,Invalid Pattern,Invalid Pattern
0,Invalid Pattern,Invalid Pattern
0,Adjective to Noun,Total Omission
0,Adjective to Noun,Total Omission
0,Adjective to Noun,Total Omission
0,Active to Passive Voice,Active to Passive Voice
0,Active to Passive Voice,Active to Passive Voice
0,Active to Passive Voice,Active to Passive Voice
0,Active to Passive Voice,Active to Passive Voice
0,Passive to Active Voice,Passive to Active Voice
0,Passive to Active Voice,Passive to Active Voice
0,Passive to Active Voice,Passive to Active Voice
0,Wrong Structure,Total Omission
0,Wrong Structure,Total Omission
0,Wrong Structure,Total Omission
0,Wrong Structure,Total Omission
0,Wrong Structure,Total Omission
1,Passive to Active Voice,Register Mismatch
1,Passive to Active Voice,Register Mismatch
1,Passive to Active Voice,Passive to Active Voice
1,Passive to Active Voice,Passive to Active Voice
1,Passive to Active Voice,Passive to Active Voice
1,Definiteness Shift,Definiteness Shift
1,Definiteness Shift,Definiteness Shift
1,Definiteness Shift,Definiteness Shift
1,Definiteness Shift,Definiteness Shift
1,Definiteness Shift,Definiteness Shift
1,Definiteness Shift,Definiteness Shift
1,Definiteness Shift,Definiteness Shift
1,Definiteness Shift,Definiteness Shift
1,Definiteness Shift,Definiteness Shift
1,Definiteness Shift,Definiteness Shift
1,Definiteness Shift,Definiteness Shift
1,Definiteness Shift,Definiteness Shift
1,Register Mismatch,Total Omission
1,Register Mismatch,Total Omission
1,Register Mismatch,Total Omission
1,Register Mismatch,Total Omission
1,Register Mismatch,Total Omission
1,Register Mismatch,Total Omission
1,Register Mismatch,Total Omission
1,Register Mismatch,Total Omission
1,Register Mismatch,Total Omission
1,Register Mismatch,Total Omission
1,Register Mismatch,Literal Translation
1,Register Mismatch,Total Omission
1,Register Mismatch,Total Omission
1,Register Mismatch,Total Omission
1,Register Mismatch,Total Omission
1,Register Mismatch,Name Entity Error
1,Register Mismatch,Literal Translation
1,Register Mismatch,Literal Translation
1,Register Mismatch,Literal Translation
1,Register Mismatch,Perfective to Progressive
1,Register Mismatch,Perfective to Progressive
1,Register Mismatch,Perfective to Progressive
1,Register Mismatch,Perfective to Progressive
1,Register Mismatch,Literal Translation
1,Register Mismatch,Active to Passive Voice
1,Register Mismatch,Literal Translation
1,Register Mismatch,Register Mismatch
1,Register Mismatch,Total Omission
1,Register Mismatch,Register Mismatch
1,Register Mismatch,Total Omission
1,Register Mismatch,Total Omission
1,Register Mismatch,Total Omission
1,Register Mismatch,Total Omission
1,Register Mismatch,Total Omission
1,Register Mismatch,Total Omission
1,Register Mismatch,Total Omission
1,Register Mismatch,Total Omission
1,Register Mismatch,Total Omission
1,Register Mismatch,Total Omission
1,Register Mismatch,Total Omission
1,Register Mismatch,Total Omission
1,Register Mismatch,Total Omission
1,Register Mismatch,Progressive to Perfective
1,Register Mismatch,Progressive to Perfective
1,Register Mismatch,Literal Translation
1,Register Mismatch,Total Omission
1,Register Mismatch,Total Omission
1,Register Mismatch,Total Omission
1,Register Mismatch,Total Omission
1,Register Mismatch,Hypernym for Hyponym
1,Register Mismatch,Passive to Active Voice
1,Register Mismatch,Passive to Active Voice
1,Register Mismatch,Passive to Active Voice
1,Register Mismatch,Total Omission
1,Register Mismatch,Total Omission
1,Register Mismatch,Total Omission
1,Register Mismatch,Total Omission
1,Register Mismatch,Total Omission
1,Register Mismatch,Total Omission
1,Register Mismatch,Total Omission
1,Register Mismatch,Total Omission
1,Register Mismatch,Total Omission
1,Register Mismatch,Total Omission
1,Register Mismatch,Total Omission
1,Register Mismatch,Register Mismatch
1,Register Mismatch,Register Mismatch
1,Register Mismatch,Register Mismatch
1,Register Mismatch,Total Omission
1,Register Mismatch,Total Omission
1,Register Mismatch,Total Omission
1,Register Mismatch,Total Omission
1,Register Mismatch,Register Mismatch
1,Register Mismatch,Register Mismatch
1,Register Mismatch,Total Omission
1,Register Mismatch,Total Omission
1,Register Mismatch,Total Omission
1,Register Mismatch,Perfective to Progressive
1,Register Mismatch,Perfective to Progressive
1,Register Mismatch,Perfective to Progressive
1,Register Mismatch,Perfective to Progressive
1,Register Mismatch,Perfective to Progressive
1,Register Mismatch,Perfective to Progressive
1,Register Mismatch,Total Omission
1,Register Mismatch,Total Omission
1,Register Mismatch,Noun to Adjective
1,Register Mismatch,Noun to Adjective
1,Register Mismatch,Noun to Adjective
1,Register Mismatch,Noun to Adjective
1,Register Mismatch,Register Mismatch
1,Register Mismatch,Register Mismatch
1,Register Mismatch,Register Mismatch
1,Register Mismatch,Register Mismatch
1,Register Mismatch,Total Omission
1,Register Mismatch,Total Omission
1,Register Mismatch,Total Omission
1,Register Mismatch,Total Omission
1,Gender Disagreement,Total Omission
1,Gender Disagreement,Total Omission
1,Hypernym for Hyponym,Total Omission
1,Hypernym for Hyponym,Total Omission
1,Hypernym for Hyponym,Total Omission
1,Hypernym for Hyponym,Total Omission
1,Hypernym for Hyponym,Total Omission
1,Hypernym for Hyponym,Literal Translation
1,Hypernym for Hyponym,Literal Translation
1,Hypernym for Hyponym,Total Omission
1,Hypernym for Hyponym,Literal Translation
1,Hypernym for Hyponym,Literal Translation
1,Hypernym for Hyponym,Literal Translation
1,Hypernym for Hyponym,Literal Translation
1,Hypernym for Hyponym,Total Omission
1,Hypernym for Hyponym,Total Omission
1,Hypernym for Hyponym,Total Omission
1,Hypernym for Hyponym,Total Omission
1,Hypernym for Hyponym,Progressive to Perfective
1,Hypernym for Hyponym,Progressive to Perfective
1,Hypernym for Hyponym,Hypernym for Hyponym
1,Hypernym for Hyponym,Hypernym for Hyponym
1,Hypernym for Hyponym,Hypernym for Hyponym
1,Hypernym for Hyponym,Total Omission
1,Hypernym for Hyponym,Passive to Active Voice
1,Hypernym for Hyponym,Passive to Active Voice
1,Hypernym for Hyponym,Passive to Active Voice
1,Hypernym for Hyponym,Passive to Active Voice
1,Hypernym for Hyponym,Total Omission
1,Hypernym for Hyponym,Total Omission
1,Hypernym for Hyponym,Total Omission
1,Hypernym for Hyponym,Total Omission
1,Hyponym for Hypernym,Literal Translation
1,Hyponym for Hypernym,Literal Translation
1,Hyponym for Hypernym,Literal Translation
1,Hyponym for Hypernym,Literal Translation
1,Hyponym for Hypernym,Total Omission
1,Hyponym for Hypernym,Total Omission
1,Hyponym for Hypernym,Total Omission
1,Hyponym for Hypernym,Hyponym for Hypernym
1,Hyponym for Hypernym,Hyponym for Hypernym
1,Invalid Pattern,Total Omission
1,Invalid Pattern,Total Omission
1,Invalid Pattern,Invalid Pattern
1,Invalid Pattern,Invalid Pattern
1,Invalid Pattern,Invalid Pattern
1,Invalid Pattern,Invalid Pattern
1,Literal Translation,Literal Translation
1,Literal Translation,Literal Translation
1,Literal Translation,Literal Translation
1,Literal Translation,Literal Translation
1,Literal Translation,Total Omission
1,Literal Translation,Total Omission
1,Literal Translation,Total Omission
1,Literal Translation,Total Omission
1,Meaning Shift,Total Omission
1,Meaning Shift,Total Omission
1,Meaning Shift,Total Omission
1,Meaning Shift,Invalid Pattern
1,Meaning Shift,Total Omission
1,Meaning Shift,Total Omission
1,Meaning Shift,Total Omission
1,Meaning Shift,Total Omission
1,Meaning Shift,Total Omission
1,Meaning Shift,Total Omission
1,Meaning Shift,Noun to Adjective
1,Meaning Shift,Noun to Adjective
1,Meaning Shift,Noun to Adjective
1,Meaning Shift,Total Omission
1,Meaning Shift,Perfective to Progressive
1,Meaning Shift,Perfective to Progressive
1,Meaning Shift,Perfective to Progressive
1,Meaning Shift,Total Omission
1,Meaning Shift,Hyponym for Hypernym
1,Meaning Shift,Total Omission
1,Meaning Shift,Hyponym for Hypernym
1,Meaning Shift,Terminology Substitution
1,Meaning Shift,Total Omission
1,Meaning Shift,Total Omission
1,Meaning Shift,Total Omission
1,Meaning Shift,Progressive to Perfective
1,Meaning Shift,Register Mismatch
1,Meaning Shift,Literal Translation
1,Meaning Shift,Total Omission
1,Meaning Shift,Total Omission
1,Meaning Shift,Total Omission
1,Meaning Shift,Total Omission
1,Meaning Shift,Total Omission
1,Meaning Shift,Total Omission
1,Meaning Shift,Total Omission
1,Meaning Shift,Total Omission
1,Meaning Shift,Total Omission
1,Meaning Shift,Name Entity Error
1,Meaning Shift,Hypernym for Hyponym
1,Meaning Shift,Name Entity Error
1,Meaning Shift,Hypernym for Hyponym
1,Meaning Shift,Total Omission
1,Meaning Shift,Total Omission
1,Meaning Shift,Total Omission
1,Meaning Shift,Total Omission
1,Meaning Shift,Total Omission
1,Meaning Shift,Hyponym for Hypernym
1,Meaning Shift,Hyponym for Hypernym
1,Meaning Shift,Total Omission
1,Meaning Shift,Total Omission
1,Meaning Shift,Total Omission
1,Meaning Shift,Total Omission
1,Meaning Shift,Adjective to Noun
1,Meaning Shift,Adjective to Noun
1,Meaning Shift,Total Omission
1,Meaning Shift,Total Omission
1,Meaning Shift,Total Omission
1,Meaning Shift,Total Omission
1,Meaning Shift,Total Omission
1,Meaning Shift,Total Omission
1,Meaning Shift,Total Omission
1,Meaning Shift,Progressive to Perfective
1,Meaning Shift,Progressive to Perfective
1,Meaning Shift,Total Omission
1,Meaning Shift,Invalid Pattern
1,Meaning Shift,Total Omission
1,Meaning Shift,Total Omission
1,Meaning Shift,Total Omission
1,Meaning Shift,Total Omission
1,Meaning Shift,Noun to Adjective
1,Name Entity Error,Total Omission
1,Name Entity Error,Total Omission
1,Noun to Adjective,Total Omission
1,Noun to Adjective,Total Omission
1,Partial Translation,Invalid Pattern
1,Partial Translation,Invalid Pattern
1,Partial Translation,Invalid Pattern
1,Partial Translation,Total Omission
1,Partial Translation,Total Omission
1,Partial Translation,Total Omission
1,Partial Translation,Total Omission
1,Spelling Error,Total Omission
1,Tanween Omission,Tanween Omission
1,Tanween Omission,Tanween Omission
1,Tanween Omission,Tanween Omission
1,Tanween Omission,Hyponym for Hypernym
1,Tanween Omission,Total Omission
1,Tanween Omission,Hyponym for Hypernym
1,Tanween Omission,Tanween Omission
1,Tanween Omission,Register Mismatch
1,Terminology Substitution,Total Omission
1,Terminology Substitution,Total Omission
1,Terminology Substitution,Total Omission
1,Terminology Substitution,Total Omission
1,Terminology Substitution,Total Omission
1,Terminology Substitution,Hyponym for Hypernym
1,Terminology Substitution,Hyponym for Hypernym
1,Terminology Substitution,Progressive to Perfective
1,Terminology Substitution,Progressive to Perfective
1,Terminology Substitution,Progressive to Perfective
1,Terminology Substitution,Progressive to Perfective
1,Terminology Substitution,Total Omission
1,Terminology Substitution,Total Omission
1,Terminology Substitution,Total Omission
1,Terminology Substitution,Total Omission
1,Terminology Substitution,Total Omission
1,Terminology Substitution,Total Omission
1,Terminology Substitution,Total Omission
1,Terminology Substitution,Register Mismatch
1,Terminology Substitution,Wrong Structure
1,Terminology Substitution,Wrong Structure
1,Terminology Substitution,Wrong Structure
1,Terminology Substitution,Name Entity Error
1,Terminology Substitution,Name Entity Error
1,Terminology Substitution,Name Entity Error
1,Terminology Substitution,Name Entity Error
1,Terminology Substitution,Total Omission
1,Terminology Substitution,Total Omission
1,Terminology Substitution,Register Mismatch
1,Terminology Substitution,Total Omission
1,Terminology Substitution,Progressive to Perfective
1,Terminology Substitution,Total Omission
1,Terminology Substitution,Total Omission
1,Terminology Substitution,Total Omission
1,Terminology Substitution,Total Omission
1,Terminology Substitution,Total Omission
1,Terminology Substitution,Total Omission
1,Terminology Substitution,Total Omission
1,Terminology Substitution,Total Omission
1,Terminology Substitution,Total Omission
1,Terminology Substitution,Total Omission
1,Terminology Substitution,Total Omission
1,Terminology Substitution,Total Omission
1,Terminology Substitution,Total Omission
1,Terminology Substitution,Progressive to Perfective
1,Terminology Substitution,Progressive to Perfective
1,Terminology Substitution,Progressive to Perfective
1,Terminology Substitution,Progressive to Perfective
1,Terminology Substitution,Terminology Substitution
1,Terminology Substitution,Terminology Substitution
1,Terminology Substitution,Terminology Substitution
1,Terminology Substitution,Terminology Substitution
1,Total Omission,Total Omission
1,Total Omission,Total Omission
1,Total Omission,Total Omission
1,Total Omission,Total Omission
1,Total Omission,Total Omission
1,Total Omission,Total Omission
1,Total Omission,Total Omission
1,Total Omission,Total Omission
1,Total Omission,Total Omission
1,Total Omission,Total Omission
1,Total Omission,Total Omission
1,Total Omission,Total Omission
1,Total Omission,Progressive to Perfective
1,Total Omission,Total Omission
1,Total Omission,Total Omission
1,Total Omission,Total Omission
1,Total Omission,Total Omission
1,Total Omission,Total Omission
1,Total Omission,Total Omission
1,Total Omission,Total Omission
1,Total Omission,Total Omission
1,Total Omission,Total Omission
1,Total Omission,Name Entity Error
1,Total Omission,Name Entity Error
1,Total Omission,Name Entity Error
1,Total Omission,Name Entity Error
1,Total Omission,Total Omission
1,Total Omission,Total Omission
1,Total Omission,Total Omission
1,Total Omission,Total Omission
1,Total Omission,Total Omission
1,Total Omission,Total Omission
1,Total Omission,Total Omission
1,Total Omission,Total Omission
1,Total Omission,Total Omission
1,Total Omission,Total Omission
1,Total Omission,Total Omission
1,Total Omission,Total Omission
1,Total Omission,Total Omission
1,Total Omission,Total Omission
1,Total Omission,Total Omission
1,Total Omission,Total Omission
1,Total Omission,Total Omission
1,Total Omission,Total Omission
1,Total Omission,Total Omission
1,Total Omission,Total Omission
1,Total Omission,Total Omission
1,Total Omission,Total Omission
1,Total Omission,Total Omission
1,Total Omission,Total Omission
1,Total Omission,Progressive to Perfective
1,Total Omission,Tense Shift Under Negation
1,Total Omission,Progressive to Perfective
1,Total Omission,Tense Shift Under Negation
1,Total Omission,Total Omission
1,Total Omission,Total Omission
1,Total Omission,Total Omission
1,Total Omission,Total Omission
1,Total Omission,Total Omission
1,Total Omission,Total Omission
1,Total Omission,Total Omission
1,Total Omission,Name Entity Error
1,Wrong Structure,Total Omission
1,Wrong Word Order,Total Omission
1,Wrong Word Order,Total Omission
1,Wrong Word Order,Total Omission
1,Wrong Word Order,Total Omission
1,Wrong Word Order,Total Omission
1,Wrong Word Order,Total Omission
1,Wrong Word Order,Total Omission
1,Wrong Word Order,Total Omission
1,Wrong Word Order,Total Omission
1,Wrong Word Order,Total Omission
1,Wrong Word Order,Total Omission
1,Wrong Word Order,Total Omission
1,Wrong Word Order,Hyponym for Hypernym
1,Perfective to Progressive,Total Omission
1,Perfective to Progressive,Total Omission
1,Perfective to Progressive,Total Omission
1,Perfective to Progressive,Total Omission
1,Perfective to Progressive,Total Omission
1,Progressive to Perfective,Progressive to Perfective
1,Progressive to Perfective,Progressive to Perfective
1,Progressive to Perfective,Progressive to Perfective
1,Progressive to Perfective,Progressive to Perfective
1,Progressive to Perfective,Progressive to Perfective
1,Progressive to Perfective,Total Omission
1,Tense Shift Under Negation,Tense Shift Under Negation
1,Tense Shift Under Negation,Tense Shift Under Negation
1,Tense Shift Under Negation,Total Omission
1,Spelling Error,Total Omission
1,Wrong Structure,Terminology Substitution
1,Wrong Structure,Tanween Omission
1,Literal Translation,Tanween Omission
1,Literal Translation,Total Omission
1,Literal Translation,Tanween Omission
1,Literal Translation,Total Omission
1,Literal Translation,Active to Passive Voice
1,Literal Translation,Active to Passive Voice
1,Literal Translation,Active to Passive Voice
1,Tanween Omission,Perfective to Progressive
1,Tanween Omission,Perfective to Progressive
1,Tanween Omission,Perfective to Progressive
1,Tanween Omission,Total Omission
1,Tanween Omission,Perfective to Progressive
1,Tanween Omission,Perfective to Progressive
1,Gender Disagreement,Total Omission
1,Gender Disagreement,Total Omission
1,Noun to Adjective,Total Omission
1,Invalid Pattern,Invalid Pattern
1,Invalid Pattern,Invalid Pattern
1,Invalid Pattern,Invalid Pattern
1,Invalid Pattern,Invalid Pattern
1,Adjective to Noun,Total Omission
1,Adjective to Noun,Total Omission
1,Adjective to Noun,Total Omission
1,Active to Passive Voice,Active to Passive Voice
1,Active to Passive Voice,Active to Passive Voice
1,Active to Passive Voice,Active to Passive Voice
1,Active to Passive Voice,Active to Passive Voice
1,Passive to Active Voice,Passive to Active Voice
1,Passive to Active Voice,Passive to Active Voice
1,Passive to Active Voice,Passive to Active Voice
1,Wrong Structure,Total Omission
1,Wrong Structure,Total Omission
1,Wrong Structure,Total Omission
1,Wrong Structure,Total Omission
1,Wrong Structure,Total Omission
2,Passive to Active Voice,Register Mismatch
2,Passive to Active Voice,Passive to Active Voice
2,Passive to Active Voice,Passive to Active Voice
2,Passive to Active Voice,Passive to Active Voice
2,Passive to Active Voice,Passive to Active Voice
2,Definiteness Shift,Definiteness Shift
2,Definiteness Shift,Definiteness Shift
2,Definiteness Shift,Definiteness Shift
2,Definiteness Shift,Definiteness Shift
2,Definiteness Shift,Definiteness Shift
2,Definiteness Shift,Definiteness Shift
2,Definiteness Shift,Definiteness Shift
2,Definiteness Shift,Definiteness Shift
2,Definiteness Shift,Wrong Structure
2,Definiteness Shift,Wrong Structure
2,Definiteness Shift,Wrong Structure
2,Definiteness Shift,Wrong Structure
2,Register Mismatch,Total Omission
2,Register Mismatch,Total Omission
2,Register Mismatch,Total Omission
2,Register Mismatch,Total Omission
2,Register Mismatch,Total Omission
2,Register Mismatch,Total Omission
2,Register Mismatch,Total Omission
2,Register Mismatch,Literal Translation
2,Register Mismatch,Literal Translation
2,Register Mismatch,Literal Translation
2,Register Mismatch,Literal Translation
2,Register Mismatch,Literal Translation
2,Register Mismatch,Total Omission
2,Register Mismatch,Total Omission
2,Register Mismatch,Total Omission
2,Register Mismatch,Name Entity Error
2,Register Mismatch,Literal Translation
2,Register Mismatch,Name Entity Error
2,Register Mismatch,Name Entity Error
2,Register Mismatch,Perfective to Progressive
2,Register Mismatch,Perfective to Progressive
2,Register Mismatch,Perfective to Progressive
2,Register Mismatch,Perfective to Progressive
2,Register Mismatch,Literal Translation
2,Register Mismatch,Active to Passive Voice
2,Register Mismatch,Literal Translation
2,Register Mismatch,Passive to Active Voice
2,Register Mismatch,Register Mismatch
2,Register Mismatch,Register Mismatch
2,Register Mismatch,Register Mismatch
2,Register Mismatch,Total Omission
2,Register Mismatch,Progressive to Perfective
2,Register Mismatch,Progressive to Perfective
2,Register Mismatch,Progressive to Perfective
2,Register Mismatch,Total Omission
2,Register Mismatch,Total Omission
2,Register Mismatch,Total Omission
2,Register Mismatch,Total Omission
2,Register Mismatch,Total Omission
2,Register Mismatch,Total Omission
2,Register Mismatch,Total Omission
2,Register Mismatch,Total Omission
2,Register Mismatch,Progressive to Perfective
2,Register Mismatch,Progressive to Perfective
2,Register Mismatch,Literal Translation
2,Register Mismatch,Total Omission
2,Register Mismatch,Total Omission
2,Register Mismatch,Total Omission
2,Register Mismatch,Total Omission
2,Register Mismatch,Register Mismatch
2,Register Mismatch,Passive to Active Voice
2,Register Mismatch,Register Mismatch
2,Register Mismatch,Passive to Active Voice
2,Register Mismatch,Total Omission
2,Register Mismatch,Total Omission
2,Register Mismatch,Total Omission
2,Register Mismatch,Total Omission
2,Register Mismatch,Total Omission
2,Register Mismatch,Total Omission
2,Register Mismatch,Total Omission
2,Register Mismatch,Total Omission
2,Register Mismatch,Total Omission
2,Register Mismatch,Total Omission
2,Register Mismatch,Total Omission
2,Register Mismatch,Register Mismatch
2,Register Mismatch,Register Mismatch
2,Register Mismatch,Register Mismatch
2,Register Mismatch,Total Omission
2,Register Mismatch,Total Omission
2,Register Mismatch,Total Omission
2,Register Mismatch,Total Omission
2,Register Mismatch,Register Mismatch
2,Register Mismatch,Register Mismatch
2,Register Mismatch,Total Omission
2,Register Mismatch,Total Omission
2,Register Mismatch,Total Omission
2,Register Mismatch,Perfective to Progressive
2,Register Mismatch,Tanween Omission
2,Register Mismatch,Perfective to Progressive
2,Register Mismatch,Perfective to Progressive
2,Register Mismatch,Perfective to Progressive
2,Register Mismatch,Perfective to Progressive
2,Register Mismatch,Total Omission
2,Register Mismatch,Total Omission
2,Register Mismatch,Total Omission
2,Register Mismatch,Total Omission
2,Register Mismatch,Total Omission
2,Register Mismatch,Total Omission
2,Register Mismatch,Register Mismatch
2,Register Mismatch,Register Mismatch
2,Register Mismatch,Register Mismatch
2,Register Mismatch,Register Mismatch
2,Register Mismatch,Total Omission
2,Register Mismatch,Total Omission
2,Register Mismatch,Total Omission
2,Register Mismatch,Total Omission
2,Gender Disagreement,Total Omission
2,Gender Disagreement,Total Omission
2,Hypernym for Hyponym,Literal Translation
2,Hypernym for Hyponym,Literal Translation
2,Hypernym for Hyponym,Literal Translation
2,Hypernym for Hyponym,Literal Translation
2,Hypernym for Hyponym,Register Mismatch
2,Hypernym for Hyponym,Literal Translation
2,Hypernym for Hyponym,Literal Translation
2,Hypernym for Hyponym,Literal Translation
2,Hypernym for Hyponym,Literal Translation
2,Hypernym for Hyponym,Literal Translation
2,Hypernym for Hyponym,Literal Translation
2,Hypernym for Hyponym,Literal Translation
2,Hypernym for Hyponym,Total Omission
2,Hypernym for Hyponym,Total Omission
2,Hypernym for Hyponym,Total Omission
2,Hypernym for Hyponym,Total Omission
2,Hypernym for Hyponym,Progressive to Perfective
2,Hypernym for Hyponym,Progressive to Perfective
2,Hypernym for Hyponym,Hypernym for Hyponym
2,Hypernym for Hyponym,Hypernym for Hyponym
2,Hypernym for Hyponym,Hypernym for Hyponym
2,Hypernym for Hyponym,Total Omission
2,Hypernym for Hyponym,Passive to Active Voice
2,Hypernym for Hyponym,Passive to Active Voice
2,Hypernym for Hyponym,Passive to Active Voice
2,Hypernym for Hyponym,Passive to Active Voice
2,Hypernym for Hyponym,Total Omission
2,Hypernym for Hyponym,Total Omission
2,Hypernym for Hyponym,Total Omission
2,Hypernym for Hyponym,Total Omission
2,Hyponym for Hypernym,Total Omission
2,Hyponym for Hypernym,Literal Translation
2,Hyponym for Hypernym,Literal Translation
2,Hyponym for Hypernym,Literal Translation
2,Hyponym for Hypernym,Total Omission
2,Hyponym for Hypernym,Total Omission
2,Hyponym for Hypernym,Total Omission
2,Hyponym for Hypernym,Hyponym for Hypernym
2,Hyponym for Hypernym,Hyponym for Hypernym
2,Invalid Pattern,Total Omission
2,Invalid Pattern,Total Omission
2,Invalid Pattern,Invalid Pattern
2,Invalid Pattern,Invalid Pattern
2,Invalid Pattern,Invalid Pattern
2,Invalid Pattern,Invalid Pattern
2,Literal Translation,Literal Translation
2,Literal Translation,Literal Translation
2,Literal Translation,Literal Translation
2,Literal Translation,Total Omission
2,Literal Translation,Total Omission
2,Literal Translation,Total Omission
2,Literal Translation,Total Omission
2,Literal Translation,Total Omission
2,Meaning Shift,Total Omission
2,Meaning Shift,Total Omission
2,Meaning Shift,Total Omission
2,Meaning Shift,Invalid Pattern
2,Meaning Shift,Invalid Pattern
2,Meaning Shift,Total Omission
2,Meaning Shift,Total Omission
2,Meaning Shift,Total Omission
2,Meaning Shift,Total Omission
2,Meaning Shift,Total Omission
2,Meaning Shift,Noun to Adjective
2,Meaning Shift,Noun to Adjective
2,Meaning Shift,Noun to Adjective
2,Meaning Shift,Perfective to Progressive
2,Meaning Shift,Perfective to Progressive
2,Meaning Shift,Perfective to Progressive
2,Meaning Shift,Perfective to Progressive
2,Meaning Shift,Total Omission
2,Meaning Shift,Total Omission
2,Meaning Shift,Total Omission
2,Meaning Shift,Total Omission
2,Meaning Shift,Terminology Substitution
2,Meaning Shift,Total Omission
2,Meaning Shift,Total Omission
2,Meaning Shift,Total Omission
2,Meaning Shift,Total Omission
2,Meaning Shift,Total Omission
2,Meaning Shift,Total Omission
2,Meaning Shift,Total Omission
2,Meaning Shift,Total Omission
2,Meaning Shift,Total Omission
2,Meaning Shift,Total Omission
2,Meaning Shift,Total Omission
2,Meaning Shift,Total Omission
2,Meaning Shift,Total Omission
2,Meaning Shift,Total Omission
2,Meaning Shift,Total Omission
2,Meaning Shift,Hypernym for Hyponym
2,Meaning Shift,Hypernym for Hyponym
2,Meaning Shift,Hypernym for Hyponym
2,Meaning Shift,Hypernym for Hyponym
2,Meaning Shift,Total Omission
2,Meaning Shift,Total Omission
2,Meaning Shift,Total Omission
2,Meaning Shift,Literal Translation
2,Meaning Shift,Total Omission
2,Meaning Shift,Hyponym for Hypernym
2,Meaning Shift,Hyponym for Hypernym
2,Meaning Shift,Total Omission
2,Meaning Shift,Total Omission
2,Meaning Shift,Total Omission
2,Meaning Shift,Total Omission
2,Meaning Shift,Total Omission
2,Meaning Shift,Total Omission
2,Meaning Shift,Total Omission
2,Meaning Shift,Total Omission
2,Meaning Shift,Total Omission
2,Meaning Shift,Total Omission
2,Meaning Shift,Total Omission
2,Meaning Shift,Total Omission
2,Meaning Shift,Total Omission
2,Meaning Shift,Progressive to Perfective
2,Meaning Shift,Progressive to Perfective
2,Meaning Shift,Total Omission
2,Meaning Shift,Total Omission
2,Meaning Shift,Total Omission
2,Meaning Shift,Total Omission
2,Meaning Shift,Total Omission
2,Meaning Shift,Total Omission
2,Meaning Shift,Noun to Adjective
2,Name Entity Error,Total Omission
2,Name Entity Error,Total Omission
2,Noun to Adjective,Total Omission
2,Noun to Adjective,Total Omission
2,Partial Translation,Total Omission
2,Partial Translation,Total Omission
2,Partial Translation,Total Omission
2,Partial Translation,Total Omission
2,Partial Translation,Total Omission
2,Partial Translation,Total Omission
2,Partial Translation,Total Omission
2,Spelling Error,Total Omission
2,Tanween Omission,Total Omission
2,Tanween Omission,Total Omission
2,Tanween Omission,Total Omission
2,Tanween Omission,Hyponym for Hypernym
2,Tanween Omission,Total Omission
2,Tanween Omission,Hyponym for Hypernym
2,Tanween Omission,Total Omission
2,Tanween Omission,Register Mismatch
2,Terminology Substitution,Total Omission
2,Terminology Substitution,Total Omission
2,Terminology Substitution,Total Omission
2,Terminology Substitution,Total Omission
2,Terminology Substitution,Total Omission
2,Terminology Substitution,Total Omission
2,Terminology Substitution,Hyponym for Hypernym
2,Terminology Substitution,Progressive to Perfective
2,Terminology Substitution,Progressive to Perfective
2,Terminology Substitution,Progressive to Perfective
2,Terminology Substitution,Progressive to Perfective
2,Terminology Substitution,Total Omission
2,Terminology Substitution,Total Omission
2,Terminology Substitution,Total Omission
2,Terminology Substitution,Total Omission
2,Terminology Substitution,Total Omission
2,Terminology Substitution,Total Omission
2,Terminology Substitution,Total Omission
2,Terminology Substitution,Terminology Substitution
2,Terminology Substitution,Total Omission
2,Terminology Substitution,Total Omission
2,Terminology Substitution,Total Omission
2,Terminology Substitution,Total Omission
2,Terminology Substitution,Total Omission
2,Terminology Substitution,Total Omission
2,Terminology Substitution,Total Omission
2,Terminology Substitution,Total Omission
2,Terminology Substitution,Total Omission
2,Terminology Substitution,Register Mismatch
2,Terminology Substitution,Total Omission
2,Terminology Substitution,Progressive to Perfective
2,Terminology Substitution,Total Omission
2,Terminology Substitution,Total Omission
2,Terminology Substitution,Total Omission
2,Terminology Substitution,Total Omission
2,Terminology Substitution,Total Omission
2,Terminology Substitution,Total Omission
2,Terminology Substitution,Total Omission
2,Terminology Substitution,Total Omission
2,Terminology Substitution,Total Omission
2,Terminology Substitution,Total Omission
2,Terminology Substitution,Total Omission
2,Terminology Substitution,Total Omission
2,Terminology Substitution,Progressive to Perfective
2,Terminology Substitution,Progressive to Perfective
2,Terminology Substitution,Progressive to Perfective
2,Terminology Substitution,Progressive to Perfective
2,Terminology Substitution,Progressive to Perfective
2,Terminology Substitution,Terminology Substitution
2,Terminology Substitution,Terminology Substitution
2,Terminology Substitution,Terminology Substitution
2,Terminology Substitution,Terminology Substitution
2,Total Omission,Total Omission
2,Total Omission,Total Omission
2,Total Omission,Total Omission
2,Total Omission,Total Omission
2,Total Omission,Total Omission
2,Total Omission,Total Omission
2,Total Omission,Total Omission
2,Total Omission,Total Omission
2,Total Omission,Total Omission
2,Total Omission,Total Omission
2,Total Omission,Total Omission
2,Total Omission,Total Omission
2,Total Omission,Progressive to Perfective
2,Total Omission,Total Omission
2,Total Omission,Total Omission
2,Total Omission,Total Omission
2,Total Omission,Total Omission
2,Total Omission,Total Omission
2,Total Omission,Total Omission
2,Total Omission,Total Omission
2,Total Omission,Total Omission
2,Total Omission,Total Omission
2,Total Omission,Total Omission
2,Total Omission,Total Omission
2,Total Omission,Total Omission
2,Total Omission,Total Omission
2,Total Omission,Total Omission
2,Total Omission,Total Omission
2,Total Omission,Total Omission
2,Total Omission,Total Omission
2,Total Omission,Total Omission
2,Total Omission,Total Omission
2,Total Omission,Total Omission
2,Total Omission,Total Omission
2,Total Omission,Total Omission
2,Total Omission,Total Omission
2,Total Omission,Total Omission
2,Total Omission,Total Omission
2,Total Omission,Total Omission
2,Total Omission,Total Omission
2,Total Omission,Total Omission
2,Total Omission,Total Omission
2,Total Omission,Total Omission
2,Total Omission,Total Omission
2,Total Omission,Total Omission
2,Total Omission,Total Omission
2,Total Omission,Total Omission
2,Total Omission,Total Omission
2,Total Omission,Total Omission
2,Total Omission,Total Omission
2,Total Omission,Progressive to Perfective
2,Total Omission,Total Omission
2,Total Omission,Progressive to Perfective
2,Total Omission,Tense Shift Under Negation
2,Total Omission,Total Omission
2,Total Omission,Total Omission
2,Total Omission,Total Omission
2,Total Omission,Total Omission
2,Total Omission,Total Omission
2,Total Omission,Total Omission
2,Total Omission,Total Omission
2,Total Omission,Name Entity Error
2,Wrong Structure,Name Entity Error
2,Wrong Word Order,Total Omission
2,Wrong Word Order,Total Omission
2,Wrong Word Order,Total Omission
2,Wrong Word Order,Total Omission
2,Wrong Word Order,Total Omission
2,Wrong Word Order,Total Omission
2,Wrong Word Order,Total Omission
2,Wrong Word Order,Gender Disagreement
2,Wrong Word Order,Total Omission
2,Wrong Word Order,Gender Disagreement
2,Wrong Word Order,Total Omission
2,Wrong Word Order,Terminology Substitution
2,Wrong Word Order,Total Omission
2,Perfective to Progressive,Total Omission
2,Perfective to Progressive,Total Omission
2,Perfective to Progressive,Total Omission
2,Perfective to Progressive,Total Omission
2,Perfective to Progressive,Total Omission
2,Progressive to Perfective,Progressive to Perfective
2,Progressive to Perfective,Total Omission
2,Progressive to Perfective,Total Omission
2,Progressive to Perfective,Total Omission
2,Progressive to Perfective,Total Omission
2,Progressive to Perfective,Total Omission
2,Tense Shift Under Negation,Tense Shift Under Negation
2,Tense Shift Under Negation,Tense Shift Under Negation
2,Tense Shift Under Negation,Total Omission
2,Spelling Error,Total Omission
2,Wrong Structure,Perfective to Progressive
2,Wrong Structure,Perfective to Progressive
2,Literal Translation,Total Omission
2,Literal Translation,Total Omission
2,Literal Translation,Total Omission
2,Literal Translation,Total Omission
2,Literal Translation,Active to Passive Voice
2,Literal Translation,Active to Passive Voice
2,Literal Translation,Active to Passive Voice
2,Tanween Omission,Perfective to Progressive
2,Tanween Omission,Perfective to Progressive
2,Tanween Omission,Perfective to Progressive
2,Tanween Omission,Total Omission
2,Tanween Omission,Total Omission
2,Tanween Omission,Total Omission
2,Gender Disagreement,Terminology Substitution
2,Gender Disagreement,Terminology Substitution
2,Noun to Adjective,Total Omission
2,Invalid Pattern,Invalid Pattern
2,Invalid Pattern,Invalid Pattern
2,Invalid Pattern,Invalid Pattern
2,Invalid Pattern,Invalid Pattern
2,Adjective to Noun,Total Omission
2,Adjective to Noun,Total Omission
2,Adjective to Noun,Total Omission
2,Active to Passive Voice,Active to Passive Voice
2,Active to Passive Voice,Active to Passive Voice
2,Active to Passive Voice,Active to Passive Voice
2,Active to Passive Voice,Active to Passive Voice
2,Passive to Active Voice,Passive to Active Voice
2,Passive to Active Voice,Passive to Active Voice
2,Passive to Active Voice,Passive to Active Voice
2,Wrong Structure,Total Omission
2,Wrong Structure,Total Omission
2,Wrong Structure,Total Omission
2,Wrong Structure,Total Omission
2,Wrong Structure,Total Omission
3,Passive to Active Voice,Register Mismatch
3,Passive to Active Voice,Register Mismatch
3,Passive to Active Voice,Passive to Active Voice
3,Passive to Active Voice,Passive to Active Voice
3,Passive to Active Voice,Passive to Active Voice
3,Definiteness Shift,Definiteness Shift
3,Definiteness Shift,Definiteness Shift
3,Definiteness Shift,Definiteness Shift
3,Definiteness Shift,Definiteness Shift
3,Definiteness Shift,Definiteness Shift
3,Definiteness Shift,Definiteness Shift
3,Definiteness Shift,Definiteness Shift
3,Definiteness Shift,Definiteness Shift
3,Definiteness Shift,Definiteness Shift
3,Definiteness Shift,Register Mismatch
3,Definiteness Shift,Register Mismatch
3,Definiteness Shift,Register Mismatch
3,Register Mismatch,Total Omission
3,Register Mismatch,Total Omission
3,Register Mismatch,Total Omission
3,Register Mismatch,Total Omission
3,Register Mismatch,Total Omission
3,Register Mismatch,Total Omission
3,Register Mismatch,Total Omission
3,Register Mismatch,Total Omission
3,Register Mismatch,Literal Translation
3,Register Mismatch,Literal Translation
3,Register Mismatch,Literal Translation
3,Register Mismatch,Literal Translation
3,Register Mismatch,Total Omission
3,Register Mismatch,Total Omission
3,Register Mismatch,Total Omission
3,Register Mismatch,Name Entity Error
3,Register Mismatch,Literal Translation
3,Register Mismatch,Literal Translation
3,Register Mismatch,Literal Translation
3,Register Mismatch,Perfective to Progressive
3,Register Mismatch,Perfective to Progressive
3,Register Mismatch,Perfective to Progressive
3,Register Mismatch,Perfective to Progressive
3,Register Mismatch,Literal Translation
3,Register Mismatch,Passive to Active Voice
3,Register Mismatch,Literal Translation
3,Register Mismatch,Passive to Active Voice
3,Register Mismatch,Register Mismatch
3,Register Mismatch,Register Mismatch
3,Register Mismatch,Register Mismatch
3,Register Mismatch,Total Omission
3,Register Mismatch,Total Omission
3,Register Mismatch,Total Omission
3,Register Mismatch,Total Omission
3,Register Mismatch,Total Omission
3,Register Mismatch,Total Omission
3,Register Mismatch,Total Omission
3,Register Mismatch,Total Omission
3,Register Mismatch,Register Mismatch
3,Register Mismatch,Total Omission
3,Register Mismatch,Total Omission
3,Register Mismatch,Total Omission
3,Register Mismatch,Progressive to Perfective
3,Register Mismatch,Progressive to Perfective
3,Register Mismatch,Literal Translation
3,Register Mismatch,Total Omission
3,Register Mismatch,Total Omission
3,Register Mismatch,Total Omission
3,Register Mismatch,Total Omission
3,Register Mismatch,Hypernym for Hyponym
3,Register Mismatch,Passive to Active Voice
3,Register Mismatch,Active to Passive Voice
3,Register Mismatch,Passive to Active Voice
3,Register Mismatch,Total Omission
3,Register Mismatch,Total Omission
3,Register Mismatch,Total Omission
3,Register Mismatch,Total Omission
3,Register Mismatch,Total Omission
3,Register Mismatch,Total Omission
3,Register Mismatch,Total Omission
3,Register Mismatch,Total Omission
3,Register Mismatch,Total Omission
3,Register Mismatch,Total Omission
3,Register Mismatch,Total Omission
3,Register Mismatch,Register Mismatch
3,Register Mismatch,Register Mismatch
3,Register Mismatch,Register Mismatch
3,Register Mismatch,Total Omission
3,Register Mismatch,Total Omission
3,Register Mismatch,Total Omission
3,Register Mismatch,Total Omission
3,Register Mismatch,Register Mismatch
3,Register Mismatch,Register Mismatch
3,Register Mismatch,Total Omission
3,Register Mismatch,Total Omission
3,Register Mismatch,Total Omission
3,Register Mismatch,Perfective to Progressive
3,Register Mismatch,Perfective to Progressive
3,Register Mismatch,Perfective to Progressive
3,Register Mismatch,Perfective to Progressive
3,Register Mismatch,Perfective to Progressive
3,Register Mismatch,Perfective to Progressive
3,Register Mismatch,Total Omission
3,Register Mismatch,Total Omission
3,Register Mismatch,Total Omission
3,Register Mismatch,Total Omission
3,Register Mismatch,Total Omission
3,Register Mismatch,Total Omission
3,Register Mismatch,Total Omission
3,Register Mismatch,Total Omission
3,Register Mismatch,Register Mismatch
3,Register Mismatch,Register Mismatch
3,Register Mismatch,Total Omission
3,Register Mismatch,Total Omission
3,Register Mismatch,Total Omission
3,Register Mismatch,Total Omission
3,Gender Disagreement,Total Omission
3,Gender Disagreement,Total Omission
3,Hypernym for Hyponym,Literal Translation
3,Hypernym for Hyponym,Literal Translation
3,Hypernym for Hyponym,Literal Translation
3,Hypernym for Hyponym,Literal Translation
3,Hypernym for Hyponym,Register Mismatch
3,Hypernym for Hyponym,Literal Translation
3,Hypernym for Hyponym,Literal Translation
3,Hypernym for Hyponym,Total Omission
3,Hypernym for Hyponym,Literal Translation
3,Hypernym for Hyponym,Literal Translation
3,Hypernym for Hyponym,Literal Translation
3,Hypernym for Hyponym,Literal Translation
3,Hypernym for Hyponym,Total Omission
3,Hypernym for Hyponym,Total Omission
3,Hypernym for Hyponym,Total Omission
3,Hypernym for Hyponym,Total Omission
3,Hypernym for Hyponym,Progressive to Perfective
3,Hypernym for Hyponym,Progressive to Perfective
3,Hypernym for Hyponym,Hypernym for Hyponym
3,Hypernym for Hyponym,Hypernym for Hyponym
3,Hypernym for Hyponym,Hypernym for Hyponym
3,Hypernym for Hyponym,Total Omission
3,Hypernym for Hyponym,Passive to Active Voice
3,Hypernym for Hyponym,Passive to Active Voice
3,Hypernym for Hyponym,Passive to Active Voice
3,Hypernym for Hyponym,Passive to Active Voice
3,Hypernym for Hyponym,Total Omission
3,Hypernym for Hyponym,Total Omission
3,Hypernym for Hyponym,Total Omission
3,Hypernym for Hyponym,Total Omission
3,Hyponym for Hypernym,Literal Translation
3,Hyponym for Hypernym,Literal Translation
3,Hyponym for Hypernym,Literal Translation
3,Hyponym for Hypernym,Literal Translation
3,Hyponym for Hypernym,Total Omission
3,Hyponym for Hypernym,Total Omission
3,Hyponym for Hypernym,Total Omission
3,Hyponym for Hypernym,Hyponym for Hypernym
3,Hyponym for Hypernym,Hyponym for Hypernym
3,Invalid Pattern,Total Omission
3,Invalid Pattern,Total Omission
3,Invalid Pattern,Invalid Pattern
3,Invalid Pattern,Invalid Pattern
3,Invalid Pattern,Invalid Pattern
3,Invalid Pattern,Invalid Pattern
3,Literal Translation,Literal Translation
3,Literal Translation,Literal Translation
3,Literal Translation,Literal Translation
3,Literal Translation,Literal Translation
3,Literal Translation,Total Omission
3,Literal Translation,Total Omission
3,Literal Translation,Total Omission
3,Literal Translation,Total Omission
3,Meaning Shift,Total Omission
3,Meaning Shift,Total Omission
3,Meaning Shift,Total Omission
3,Meaning Shift,Total Omission
3,Meaning Shift,Total Omission
3,Meaning Shift,Total Omission
3,Meaning Shift,Total Omission
3,Meaning Shift,Total Omission
3,Meaning Shift,Total Omission
3,Meaning Shift,Perfective to Progressive
3,Meaning Shift,Hyponym for Hypernym
3,Meaning Shift,Noun to Adjective
3,Meaning Shift,Hyponym for Hypernym
3,Meaning Shift,Total Omission
3,Meaning Shift,Perfective to Progressive
3,Meaning Shift,Perfective to Progressive
3,Meaning Shift,Perfective to Progressive
3,Meaning Shift,Total Omission
3,Meaning Shift,Hyponym for Hypernym
3,Meaning Shift,Total Omission
3,Meaning Shift,Hyponym for Hypernym
3,Meaning Shift,Terminology Substitution
3,Meaning Shift,Total Omission
3,Meaning Shift,Total Omission
3,Meaning Shift,Total Omission
3,Meaning Shift,Total Omission
3,Meaning Shift,Total Omission
3,Meaning Shift,Total Omission
3,Meaning Shift,Definiteness Shift
3,Meaning Shift,Definiteness Shift
3,Meaning Shift,Total Omission
3,Meaning Shift,Definiteness Shift
3,Meaning Shift,Total Omission
3,Meaning Shift,Total Omission
3,Meaning Shift,Total Omission
3,Meaning Shift,Total Omission
3,Meaning Shift,Total Omission
3,Meaning Shift,Total Omission
3,Meaning Shift,Total Omission
3,Meaning Shift,Total Omission
3,Meaning Shift,Total Omission
3,Meaning Shift,Total Omission
3,Meaning Shift,Literal Translation
3,Meaning Shift,Total Omission
3,Meaning Shift,Literal Translation
3,Meaning Shift,Total Omission
3,Meaning Shift,Hyponym for Hypernym
3,Meaning Shift,Hyponym for Hypernym
3,Meaning Shift,Total Omission
3,Meaning Shift,Total Omission
3,Meaning Shift,Total Omission
3,Meaning Shift,Total Omission
3,Meaning Shift,Total Omission
3,Meaning Shift,Total Omission
3,Meaning Shift,Total Omission
3,Meaning Shift,Total Omission
3,Meaning Shift,Total Omission
3,Meaning Shift,Total Omission
3,Meaning Shift,Total Omission
3,Meaning Shift,Total Omission
3,Meaning Shift,Total Omission
3,Meaning Shift,Progressive to Perfective
3,Meaning Shift,Progressive to Perfective
3,Meaning Shift,Register Mismatch
3,Meaning Shift,Total Omission
3,Meaning Shift,Total Omission
3,Meaning Shift,Total Omission
3,Meaning Shift,Total Omission
3,Meaning Shift,Total Omission
3,Meaning Shift,Noun to Adjective
3,Name Entity Error,Register Mismatch
3,Name Entity Error,Register Mismatch
3,Noun to Adjective,Total Omission
3,Noun to Adjective,Total Omission
3,Partial Translation,Total Omission
3,Partial Translation,Invalid Pattern
3,Partial Translation,Total Omission
3,Partial Translation,Total Omission
3,Partial Translation,Total Omission
3,Partial Translation,Total Omission
3,Partial Translation,Total Omission
3,Spelling Error,Total Omission
3,Tanween Omission,Tanween Omission
3,Tanween Omission,Tanween Omission
3,Tanween Omission,Tanween Omission
3,Tanween Omission,Hyponym for Hypernym
3,Tanween Omission,Tanween Omission
3,Tanween Omission,Hyponym for Hypernym
3,Tanween Omission,Tanween Omission
3,Tanween Omission,Total Omission
3,Terminology Substitution,Total Omission
3,Terminology Substitution,Total Omission
3,Terminology Substitution,Total Omission
3,Terminology Substitution,Total Omission
3,Terminology Substitution,Total Omission
3,Terminology Substitution,Terminology Substitution
3,Terminology Substitution,Terminology Substitution
3,Terminology Substitution,Progressive to Perfective
3,Terminology Substitution,Progressive to Perfective
3,Terminology Substitution,Progressive to Perfective
3,Terminology Substitution,Progressive to Perfective
3,Terminology Substitution,Total Omission
3,Terminology Substitution,Terminology Substitution
3,Terminology Substitution,Total Omission
3,Terminology Substitution,Total Omission
3,Terminology Substitution,Total Omission
3,Terminology Substitution,Total Omission
3,Terminology Substitution,Total Omission
3,Terminology Substitution,Terminology Substitution
3,Terminology Substitution,Terminology Substitution
3,Terminology Substitution,Terminology Substitution
3,Terminology Substitution,Terminology Substitution
3,Terminology Substitution,Total Omission
3,Terminology Substitution,Total Omission
3,Terminology Substitution,Total Omission
3,Terminology Substitution,Total Omission
3,Terminology Substitution,Total Omission
3,Terminology Substitution,Total Omission
3,Terminology Substitution,Total Omission
3,Terminology Substitution,Total Omission
3,Terminology Substitution,Progressive to Perfective
3,Terminology Substitution,Total Omission
3,Terminology Substitution,Total Omission
3,Terminology Substitution,Total Omission
3,Terminology Substitution,Total Omission
3,Terminology Substitution,Total Omission
3,Terminology Substitution,Total Omission
3,Terminology Substitution,Total Omission
3,Terminology Substitution,Total Omission
3,Terminology Substitution,Total Omission
3,Terminology Substitution,Register Mismatch
3,Terminology Substitution,Total Omission
3,Terminology Substitution,Total Omission
3,Terminology Substitution,Progressive to Perfective
3,Terminology Substitution,Progressive to Perfective
3,Terminology Substitution,Progressive to Perfective
3,Terminology Substitution,Progressive to Perfective
3,Terminology Substitution,Progressive to Perfective
3,Terminology Substitution,Terminology Substitution
3,Terminology Substitution,Terminology Substitution
3,Terminology Substitution,Terminology Substitution
3,Terminology Substitution,Terminology Substitution
3,Total Omission,Total Omission
3,Total Omission,Total Omission
3,Total Omission,Total Omission
3,Total Omission,Total Omission
3,Total Omission,Total Omission
3,Total Omission,Perfective to Progressive
3,Total Omission,Perfective to Progressive
3,Total Omission,Total Omission
3,Total Omission,Total Omission
3,Total Omission,Total Omission
3,Total Omission,Total Omission
3,Total Omission,Total Omission
3,Total Omission,Progressive to Perfective
3,Total Omission,Total Omission
3,Total Omission,Total Omission
3,Total Omission,Total Omission
3,Total Omission,Total Omission
3,Total Omission,Total Omission
3,Total Omission,Definiteness Shift
3,Total Omission,Definiteness Shift
3,Total Omission,Definiteness Shift
3,Total Omission,Definiteness Shift
3,Total Omission,Total Omission
3,Total Omission,Total Omission
3,Total Omission,Total Omission
3,Total Omission,Total Omission
3,Total Omission,Total Omission
3,Total Omission,Total Omission
3,Total Omission,Total Omission
3,Total Omission,Total Omission
3,Total Omission,Total Omission
3,Total Omission,Total Omission
3,Total Omission,Total Omission
3,Total Omission,Total Omission
3,Total Omission,Total Omission
3,Total Omission,Total Omission
3,Total Omission,Total Omission
3,Total Omission,Total Omission
3,Total Omission,Total Omission
3,Total Omission,Total Omission
3,Total Omission,Total Omission
3,Total Omission,Total Omission
3,Total Omission,Total Omission
3,Total Omission,Total Omission
3,Total Omission,Total Omission
3,Total Omission,Total Omission
3,Total Omission,Total Omission
3,Total Omission,Total Omission
3,Total Omission,Total Omission
3,Total Omission,Total Omission
3,Total Omission,Progressive to Perfective
3,Total Omission,Tense Shift Under Negation
3,Total Omission,Progressive to Perfective
3,Total Omission,Tense Shift Under Negation
3,Total Omission,Total Omission
3,Total Omission,Total Omission
3,Total Omission,Total Omission
3,Total Omission,Total Omission
3,Total Omission,Total Omission
3,Total Omission,Total Omission
3,Total Omission,Total Omission
3,Total Omission,Name Entity Error
3,Wrong Structure,Total Omission
3,Wrong Word Order,Total Omission
3,Wrong Word Order,Total Omission
3,Wrong Word Order,Total Omission
3,Wrong Word Order,Total Omission
3,Wrong Word Order,Total Omission
3,Wrong Word Order,Total Omission
3,Wrong Word Order,Total Omission
3,Wrong Word Order,Hypernym for Hyponym
3,Wrong Word Order,Meaning Shift
3,Wrong Word Order,Hypernym for Hyponym
3,Wrong Word Order,Meaning Shift
3,Wrong Word Order,Hypernym for Hyponym
3,Wrong Word Order,Terminology Substitution
3,Perfective to Progressive,Literal Translation
3,Perfective to Progressive,Literal Translation
3,Perfective to Progressive,Literal Translation
3,Perfective to Progressive,Total Omission
3,Perfective to Progressive,Total Omission
3,Progressive to Perfective,Progressive to Perfective
3,Progressive to Perfective,Progressive to Perfective
3,Progressive to Perfective,Progressive to Perfective
3,Progressive to Perfective,Progressive to Perfective
3,Progressive to Perfective,Progressive to Perfective
3,Progressive to Perfective,Total Omission
3,Tense Shift Under Negation,Tense Shift Under Negation
3,Tense Shift Under Negation,Tense Shift Under Negation
3,Tense Shift Under Negation,Total Omission
3,Spelling Error,Register Mismatch
3,Wrong Structure,Terminology Substitution
3,Wrong Structure,Perfective to Progressive
3,Literal Translation,Total Omission
3,Literal Translation,Total Omission
3,Literal Translation,Total Omission
3,Literal Translation,Total Omission
3,Literal Translation,Active to Passive Voice
3,Literal Translation,Active to Passive Voice
3,Literal Translation,Active to Passive Voice
3,Tanween Omission,Total Omission
3,Tanween Omission,Perfective to Progressive
3,Tanween Omission,Perfective to Progressive
3,Tanween Omission,Total Omission
3,Tanween Omission,Total Omission
3,Tanween Omission,Total Omission
3,Gender Disagreement,Hypernym for Hyponym
3,Gender Disagreement,Terminology Substitution
3,Noun to Adjective,Total Omission
3,Invalid Pattern,Invalid Pattern
3,Invalid Pattern,Invalid Pattern
3,Invalid Pattern,Invalid Pattern
3,Invalid Pattern,Invalid Pattern
3,Adjective to Noun,Total Omission
3,Adjective to Noun,Total Omission
3,Adjective to Noun,Total Omission
3,Active to Passive Voice,Active to Passive Voice
3,Active to Passive Voice,Active to Passive Voice
3,Active to Passive Voice,Active to Passive Voice
3,Active to Passive Voice,Active to Passive Voice
3,Passive to Active Voice,Passive to Active Voice
3,Passive to Active Voice,Passive to Active Voice
3,Passive to Active Voice,Passive to Active Voice
3,Wrong Structure,Total Omission
3,Wrong Structure,Total Omission
3,Wrong Structure,Total Omission
3,Wrong Structure,Total Omission
3,Wrong Structure,Total Omission
4,Passive to Active Voice,Register Mismatch
4,Passive to Active Voice,Register Mismatch
4,Passive to Active Voice,Passive to Active Voice
4,Passive to Active Voice,Passive to Active Voice
4,Passive to Active Voice,Passive to Active Voice
4,Definiteness Shift,Definiteness Shift
4,Definiteness Shift,Definiteness Shift
4,Definiteness Shift,Definiteness Shift
4,Definiteness Shift,Definiteness Shift
4,Definiteness Shift,Definiteness Shift
4,Definiteness Shift,Definiteness Shift
4,Definiteness Shift,Definiteness Shift
4,Definiteness Shift,Definiteness Shift
4,Definiteness Shift,Definiteness Shift
4,Definiteness Shift,Definiteness Shift
4,Definiteness Shift,Definiteness Shift
4,Definiteness Shift,Definiteness Shift
4,Register Mismatch,Total Omission
4,Register Mismatch,Total Omission
4,Register Mismatch,Total Omission
4,Register Mismatch,Total Omission
4,Register Mismatch,Total Omission
4,Register Mismatch,Total Omission
4,Register Mismatch,Total Omission
4,Register Mismatch,Total Omission
4,Register Mismatch,Literal Translation
4,Register Mismatch,Total Omission
4,Register Mismatch,Literal Translation
4,Register Mismatch,Total Omission
4,Register Mismatch,Total Omission
4,Register Mismatch,Total Omission
4,Register Mismatch,Total Omission
4,Register Mismatch,Total Omission
4,Register Mismatch,Literal Translation
4,Register Mismatch,Literal Translation
4,Register Mismatch,Literal Translation
4,Register Mismatch,Perfective to Progressive
4,Register Mismatch,Perfective to Progressive
4,Register Mismatch,Perfective to Progressive
4,Register Mismatch,Perfective to Progressive
4,Register Mismatch,Literal Translation
4,Register Mismatch,Active to Passive Voice
4,Register Mismatch,Literal Translation
4,Register Mismatch,Passive to Active Voice
4,Register Mismatch,Register Mismatch
4,Register Mismatch,Register Mismatch
4,Register Mismatch,Total Omission
4,Register Mismatch,Total Omission
4,Register Mismatch,Total Omission
4,Register Mismatch,Total Omission
4,Register Mismatch,Total Omission
4,Register Mismatch,Total Omission
4,Register Mismatch,Total Omission
4,Register Mismatch,Total Omission
4,Register Mismatch,Total Omission
4,Register Mismatch,Total Omission
4,Register Mismatch,Total Omission
4,Register Mismatch,Total Omission
4,Register Mismatch,Total Omission
4,Register Mismatch,Progressive to Perfective
4,Register Mismatch,Progressive to Perfective
4,Register Mismatch,Literal Translation
4,Register Mismatch,Total Omission
4,Register Mismatch,Total Omission
4,Register Mismatch,Total Omission
4,Register Mismatch,Total Omission
4,Register Mismatch,Register Mismatch
4,Register Mismatch,Passive to Active Voice
4,Register Mismatch,Register Mismatch
4,Register Mismatch,Passive to Active Voice
4,Register Mismatch,Total Omission
4,Register Mismatch,Total Omission
4,Register Mismatch,Total Omission
4,Register Mismatch,Total Omission
4,Register Mismatch,Total Omission
4,Register Mismatch,Total Omission
4,Register Mismatch,Total Omission
4,Register Mismatch,Total Omission
4,Register Mismatch,Total Omission
4,Register Mismatch,Total Omission
4,Register Mismatch,Total Omission
4,Register Mismatch,Register Mismatch
4,Register Mismatch,Register Mismatch
4,Register Mismatch,Register Mismatch
4,Register Mismatch,Total Omission
4,Register Mismatch,Total Omission
4,Register Mismatch,Total Omission
4,Register Mismatch,Total Omission
4,Register Mismatch,Register Mismatch
4,Register Mismatch,Register Mismatch
4,Register Mismatch,Total Omission
4,Register Mismatch,Total Omission
4,Register Mismatch,Total Omission
4,Register Mismatch,Invalid Pattern
4,Register Mismatch,Tanween Omission
4,Register Mismatch,Invalid Pattern
4,Register Mismatch,Invalid Pattern
4,Register Mismatch,Total Omission
4,Register Mismatch,Total Omission
4,Register Mismatch,Total Omission
4,Register Mismatch,Total Omission
4,Register Mismatch,Hypernym for Hyponym
4,Register Mismatch,Hypernym for Hyponym
4,Register Mismatch,Hypernym for Hyponym
4,Register Mismatch,Hypernym for Hyponym
4,Register Mismatch,Register Mismatch
4,Register Mismatch,Register Mismatch
4,Register Mismatch,Register Mismatch
4,Register Mismatch,Register Mismatch
4,Register Mismatch,Total Omission
4,Register Mismatch,Total Omission
4,Register Mismatch,Total Omission
4,Register Mismatch,Total Omission
4,Gender Disagreement,Total Omission
4,Gender Disagreement,Total Omission
4,Hypernym for Hyponym,Total Omission
4,Hypernym for Hyponym,Total Omission
4,Hypernym for Hyponym,Total Omission
4,Hypernym for Hyponym,Total Omission
4,Hypernym for Hyponym,Total Omission
4,Hypernym for Hyponym,Literal Translation
4,Hypernym for Hyponym,Literal Translation
4,Hypernym for Hyponym,Total Omission
4,Hypernym for Hyponym,Literal Translation
4,Hypernym for Hyponym,Literal Translation
4,Hypernym for Hyponym,Literal Translation
4,Hypernym for Hyponym,Literal Translation
4,Hypernym for Hyponym,Total Omission
4,Hypernym for Hyponym,Total Omission
4,Hypernym for Hyponym,Total Omission
4,Hypernym for Hyponym,Total Omission
4,Hypernym for Hyponym,Progressive to Perfective
4,Hypernym for Hyponym,Progressive to Perfective
4,Hypernym for Hyponym,Hypernym for Hyponym
4,Hypernym for Hyponym,Hypernym for Hyponym
4,Hypernym for Hyponym,Hypernym for Hyponym
4,Hypernym for Hyponym,Total Omission
4,Hypernym for Hyponym,Passive to Active Voice
4,Hypernym for Hyponym,Passive to Active Voice
4,Hypernym for Hyponym,Passive to Active Voice
4,Hypernym for Hyponym,Passive to Active Voice
4,Hypernym for Hyponym,Total Omission
4,Hypernym for Hyponym,Total Omission
4,Hypernym for Hyponym,Total Omission
4,Hypernym for Hyponym,Total Omission
4,Hyponym for Hypernym,Literal Translation
4,Hyponym for Hypernym,Literal Translation
4,Hyponym for Hypernym,Literal Translation
4,Hyponym for Hypernym,Literal Translation
4,Hyponym for Hypernym,Register Mismatch
4,Hyponym for Hypernym,Register Mismatch
4,Hyponym for Hypernym,Register Mismatch
4,Hyponym for Hypernym,Hyponym for Hypernym
4,Hyponym for Hypernym,Hyponym for Hypernym
4,Invalid Pattern,Total Omission
4,Invalid Pattern,Total Omission
4,Invalid Pattern,Total Omission
4,Invalid Pattern,Total Omission
4,Invalid Pattern,Total Omission
4,Invalid Pattern,Total Omission
4,Literal Translation,Literal Translation
4,Literal Translation,Literal Translation
4,Literal Translation,Literal Translation
4,Literal Translation,Literal Translation
4,Literal Translation,Total Omission
4,Literal Translation,Total Omission
4,Literal Translation,Total Omission
4,Literal Translation,Total Omission
4,Meaning Shift,Total Omission
4,Meaning Shift,Total Omission
4,Meaning Shift,Total Omission
4,Meaning Shift,Total Omission
4,Meaning Shift,Total Omission
4,Meaning Shift,Total Omission
4,Meaning Shift,Total Omission
4,Meaning Shift,Total Omission
4,Meaning Shift,Total Omission
4,Meaning Shift,Total Omission
4,Meaning Shift,Hyponym for Hypernym
4,Meaning Shift,Hyponym for Hypernym
4,Meaning Shift,Hyponym for Hypernym
4,Meaning Shift,Register Mismatch
4,Meaning Shift,Register Mismatch
4,Meaning Shift,Register Mismatch
4,Meaning Shift,Register Mismatch
4,Meaning Shift,Total Omission
4,Meaning Shift,Hyponym for Hypernym
4,Meaning Shift,Total Omission
4,Meaning Shift,Total Omission
4,Meaning Shift,Terminology Substitution
4,Meaning Shift,Total Omission
4,Meaning Shift,Total Omission
4,Meaning Shift,Total Omission
4,Meaning Shift,Total Omission
4,Meaning Shift,Total Omission
4,Meaning Shift,Total Omission
4,Meaning Shift,Total Omission
4,Meaning Shift,Total Omission
4,Meaning Shift,Total Omission
4,Meaning Shift,Total Omission
4,Meaning Shift,Total Omission
4,Meaning Shift,Total Omission
4,Meaning Shift,Total Omission
4,Meaning Shift,Total Omission
4,Meaning Shift,Total Omission
4,Meaning Shift,Hypernym for Hyponym
4,Meaning Shift,Hypernym for Hyponym
4,Meaning Shift,Hypernym for Hyponym
4,Meaning Shift,Hypernym for Hyponym
4,Meaning Shift,Total Omission
4,Meaning Shift,Total Omission
4,Meaning Shift,Total Omission
4,Meaning Shift,Total Omission
4,Meaning Shift,Total Omission
4,Meaning Shift,Hyponym for Hypernym
4,Meaning Shift,Hyponym for Hypernym
4,Meaning Shift,Total Omission
4,Meaning Shift,Total Omission
4,Meaning Shift,Total Omission
4,Meaning Shift,Total Omission
4,Meaning Shift,Register Mismatch
4,Meaning Shift,Register Mismatch
4,Meaning Shift,Total Omission
4,Meaning Shift,Total Omission
4,Meaning Shift,Total Omission
4,Meaning Shift,Total Omission
4,Meaning Shift,Total Omission
4,Meaning Shift,Total Omission
4,Meaning Shift,Total Omission
4,Meaning Shift,Progressive to Perfective
4,Meaning Shift,Progressive to Perfective
4,Meaning Shift,Total Omission
4,Meaning Shift,Total Omission
4,Meaning Shift,Total Omission
4,Meaning Shift,Total Omission
4,Meaning Shift,Terminology Substitution
4,Meaning Shift,Total Omission
4,Meaning Shift,Hyponym for Hypernym
4,Name Entity Error,Total Omission
4,Name Entity Error,Total Omission
4,Noun to Adjective,Total Omission
4,Noun to Adjective,Total Omission
4,Partial Translation,Total Omission
4,Partial Translation,Total Omission
4,Partial Translation,Total Omission
4,Partial Translation,Total Omission
4,Partial Translation,Total Omission
4,Partial Translation,Total Omission
4,Partial Translation,Total Omission
4,Spelling Error,Total Omission
4,Tanween Omission,Tanween Omission
4,Tanween Omission,Tanween Omission
4,Tanween Omission,Tanween Omission
4,Tanween Omission,Total Omission
4,Tanween Omission,Total Omission
4,Tanween Omission,Total Omission
4,Tanween Omission,Tanween Omission
4,Tanween Omission,Register Mismatch
4,Terminology Substitution,Total Omission
4,Terminology Substitution,Total Omission
4,Terminology Substitution,Total Omission
4,Terminology Substitution,Total Omission
4,Terminology Substitution,Total Omission
4,Terminology Substitution,Total Omission
4,Terminology Substitution,Total Omission
4,Terminology Substitution,Progressive to Perfective
4,Terminology Substitution,Progressive to Perfective
4,Terminology Substitution,Progressive to Perfective
4,Terminology Substitution,Progressive to Perfective
4,Terminology Substitution,Total Omission
4,Terminology Substitution,Total Omission
4,Terminology Substitution,Total Omission
4,Terminology Substitution,Total Omission
4,Terminology Substitution,Total Omission
4,Terminology Substitution,Total Omission
4,Terminology Substitution,Total Omission
4,Terminology Substitution,Terminology Substitution
4,Terminology Substitution,Terminology Substitution
4,Terminology Substitution,Terminology Substitution
4,Terminology Substitution,Terminology Substitution
4,Terminology Substitution,Tanween Omission
4,Terminology Substitution,Tanween Omission
4,Terminology Substitution,Tanween Omission
4,Terminology Substitution,Tanween Omission
4,Terminology Substitution,Total Omission
4,Terminology Substitution,Total Omission
4,Terminology Substitution,Register Mismatch
4,Terminology Substitution,Total Omission
4,Terminology Substitution,Progressive to Perfective
4,Terminology Substitution,Hypernym for Hyponym
4,Terminology Substitution,Total Omission
4,Terminology Substitution,Hypernym for Hyponym
4,Terminology Substitution,Total Omission
4,Terminology Substitution,Total Omission
4,Terminology Substitution,Total Omission
4,Terminology Substitution,Total Omission
4,Terminology Substitution,Total Omission
4,Terminology Substitution,Total Omission
4,Terminology Substitution,Total Omission
4,Terminology Substitution,Total Omission
4,Terminology Substitution,Total Omission
4,Terminology Substitution,Total Omission
4,Terminology Substitution,Gender Disagreement
4,Terminology Substitution,Gender Disagreement
4,Terminology Substitution,Gender Disagreement
4,Terminology Substitution,Terminology Substitution
4,Terminology Substitution,Terminology Substitution
4,Terminology Substitution,Terminology Substitution
4,Terminology Substitution,Terminology Substitution
4,Terminology Substitution,Terminology Substitution
4,Total Omission,Total Omission
4,Total Omission,Total Omission
4,Total Omission,Total Omission
4,Total Omission,Total Omission
4,Total Omission,Total Omission
4,Total Omission,Total Omission
4,Total Omission,Total Omission
4,Total Omission,Total Omission
4,Total Omission,Total Omission
4,Total Omission,Total Omission
4,Total Omission,Total Omission
4,Total Omission,Total Omission
4,Total Omission,Gender Disagreement
4,Total Omission,Total Omission
4,Total Omission,Total Omission
4,Total Omission,Total Omission
4,Total Omission,Total Omission
4,Total Omission,Total Omission
4,Total Omission,Total Omission
4,Total Omission,Total Omission
4,Total Omission,Total Omission
4,Total Omission,Total Omission
4,Total Omission,Total Omission
4,Total Omission,Total Omission
4,Total Omission,Total Omission
4,Total Omission,Total Omission
4,Total Omission,Total Omission
4,Total Omission,Total Omission
4,Total Omission,Total Omission
4,Total Omission,Total Omission
4,Total Omission,Total Omission
4,Total Omission,Total Omission
4,Total Omission,Total Omission
4,Total Omission,Total Omission
4,Total Omission,Total Omission
4,Total Omission,Total Omission
4,Total Omission,Total Omission
4,Total Omission,Total Omission
4,Total Omission,Total Omission
4,Total Omission,Total Omission
4,Total Omission,Total Omission
4,Total Omission,Total Omission
4,Total Omission,Total Omission
4,Total Omission,Total Omission
4,Total Omission,Total Omission
4,Total Omission,Total Omission
4,Total Omission,Total Omission
4,Total Omission,Total Omission
4,Total Omission,Total Omission
4,Total Omission,Total Omission
4,Total Omission,Progressive to Perfective
4,Total Omission,Total Omission
4,Total Omission,Progressive to Perfective
4,Total Omission,Tense Shift Under Negation
4,Total Omission,Total Omission
4,Total Omission,Total Omission
4,Total Omission,Total Omission
4,Total Omission,Total Omission
4,Total Omission,Total Omission
4,Total Omission,Total Omission
4,Total Omission,Total Omission
4,Total Omission,Name Entity Error
4,Wrong Structure,Total Omission
4,Wrong Word Order,Total Omission
4,Wrong Word Order,Total Omission
4,Wrong Word Order,Total Omission
4,Wrong Word Order,Total Omission
4,Wrong Word Order,Total Omission
4,Wrong Word Order,Total Omission
4,Wrong Word Order,Total Omission
4,Wrong Word Order,Gender Disagreement
4,Wrong Word Order,Meaning Shift
4,Wrong Word Order,Gender Disagreement
4,Wrong Word Order,Meaning Shift
4,Wrong Word Order,Register Mismatch
4,Wrong Word Order,Total Omission
4,Perfective to Progressive,Total Omission
4,Perfective to Progressive,Total Omission
4,Perfective to Progressive,Total Omission
4,Perfective to Progressive,Total Omission
4,Perfective to Progressive,Total Omission
4,Progressive to Perfective,Progressive to Perfective
4,Progressive to Perfective,Progressive to Perfective
4,Progressive to Perfective,Progressive to Perfective
4,Progressive to Perfective,Progressive to Perfective
4,Progressive to Perfective,Progressive to Perfective
4,Progressive to Perfective,Total Omission
4,Tense Shift Under Negation,Tense Shift Under Negation
4,Tense Shift Under Negation,Tense Shift Under Negation
4,Tense Shift Under Negation,Total Omission
4,Spelling Error,Total Omission
4,Wrong Structure,Perfective to Progressive
4,Wrong Structure,Tanween Omission
4,Literal Translation,Tanween Omission
4,Literal Translation,Tanween Omission
4,Literal Translation,Tanween Omission
4,Literal Translation,Tanween Omission
4,Literal Translation,Active to Passive Voice
4,Literal Translation,Active to Passive Voice
4,Literal Translation,Active to Passive Voice
4,Tanween Omission,Total Omission
4,Tanween Omission,Perfective to Progressive
4,Tanween Omission,Perfective to Progressive
4,Tanween Omission,Total Omission
4,Tanween Omission,Total Omission
4,Tanween Omission,Total Omission
4,Gender Disagreement,Hypernym for Hyponym
4,Gender Disagreement,Hypernym for Hyponym
4,Noun to Adjective,Total Omission
4,Invalid Pattern,Invalid Pattern
4,Invalid Pattern,Invalid Pattern
4,Invalid Pattern,Invalid Pattern
4,Invalid Pattern,Invalid Pattern
4,Adjective to Noun,Total Omission
4,Adjective to Noun,Total Omission
4,Adjective to Noun,Total Omission
4,Active to Passive Voice,Active to Passive Voice
4,Active to Passive Voice,Active to Passive Voice
4,Active to Passive Voice,Active to Passive Voice
4,Active to Passive Voice,Active to Passive Voice
4,Passive to Active Voice,Passive to Active Voice
4,Passive to Active Voice,Passive to Active Voice
4,Passive to Active Voice,Passive to Active Voice
4,Wrong Structure,Total Omission
4,Wrong Structure,Total Omission
4,Wrong Structure,Total Omission
4,Wrong Structure,Total Omission
4,Wrong Structure,Total Omission
