Sentence_ID,MT Tool,mt_output,en,ar,Linguistic Shift Type,Subtype,Sub-Subtype,Keyword,Best_Match,Severity_Level,Severity_Score,SubSubtype_WGT,TQA_Category,Shift_Group_Weight,TQA_Category_Weight,tier
2014/s/2014/869/17:4,en_ar_DEEP,وعلى سبيل المثال، عملت المديرية التنفيذية للجنة مكافحة الإرهاب على نطاق واسع مع الدول لبناء قدراتها على إدارة الحدود من أجل مراقبة الحركات الإرهابية وقدراتها في مجال العدالة الجنائية على معالجة غسل الأموال.,"The Counter-Terrorism Committee Executive Directorate, for example, has worked extensively with States to build their border management capacities to control terrorist movements and their criminal justice capacity to tackle money-laundering.",فالمديرية التنفيذية للجنة مكافحة الإرهاب، على سبيل المثال، عملت بشكل مكثّف مع الدول من أجل بناء قدرات هذه الدول في مجال إدارة الحدود لمراقبة تحركات الإرهابيين، وقدراتها في مجال العدالة الجنائية على التصدي لغسل الأموال.,Semantic Divergence,Semantic shift ,Meaning Shift,التحركات الإرهابية,الحركات الإرهابية,Critical,5,0.3,Accuracy,0.4,0.45,Tier0
2014/s/2014/935/72:3,en_ar_DEEPL,وكان قد أجرى العديد من المبادلات مع الحكومة المغربية، التي طلبت قبل قبول استئناف الدبلوماسية المكوكية عقد اجتماع لتوضيح شواغلها بشأن التقرير الأخير للأمين العام (S/2014/258)، موضحا أن المغرب يعتبر أن ذلك سيسمح للعملية بالمضي قدما بأفضل طريقة ممكنة.,"He had held numerous exchanges with the Moroccan Government, which, before accepting the resumption of shuttle diplomacy, had requested a meeting to clarify its concerns regarding the latest report of the Secretary-General (S/2014/258), specifying that Morocco considered that this would allow the process to move forward in the best possible manner.",وأوضح أنه أجرى العديد من المناقشات مع الحكومة المغربية التي طلبت أولا، قبل قبول استئناف المساعي الدبلوماسية المكوكية، عقد اجتماع من أجل توضيح شواغلها بشأن التقرير الأخير للأمين العام (S/2014/258)، مؤكدة أن المغرب يرى أن ذلك سيسمح للعملية بالتقدم على نحو أمثل.,Semantic Divergence,Semantic Shift,Meaning Shift,المناقشات,المبادلات,Critical,5,0.3,Accuracy,0.4,0.45,Tier0
2005/s/2005/604/24:1,en_ar_TRANSFORMERS,15 - في 8 أيلول/سبتمبر، بلغ القوام الإجمالي لقوة عملية الأمم المتحدة في كوت ديفوار 430 6 فردا مقابل قوام مأذون به قدره 090 7 فردا، منهم 200 مراقب عسكري.,"15. As of 8 September, the overall force strength of UNOCI stood at 6,430, against an authorized strength of 7,090, including 200 military observers.",15 - في 8 أيلول/سبتمبر، بلغ إجمالي قوام عملية بعثة الأمم المتحدة في كوت ديفوار 430 6 فردا، مقابل القوام المأذون به وهو 090 7 فردا، من بينهم 200 من المراقبين العسكريين.,Semantic Divergence,Semantic Shift,Meaning Shift,بعثة , قوة,Critical,5,0.3,Accuracy,0.4,0.45,Tier0
2014/s/2014/430/50:1,en_ar_GOOGLE,19 - يقرر أن تكون ولاية عملية الأمم المتحدة في كوت ديفوار على النحو التالي:,19. Decides that the mandate of UNOCI shall be the following:,19 - يقرر أن تشمل ولاية بعثة الأمم المتحدة في كوت ديفوار ما يلي:,Semantic Divergence,Semantic Shift,Meaning Shift,بعثة,عملية,Critical,5,0.3,Accuracy,0.4,0.45,Tier0
2011/s/2011/463/291:7,en_ar_TRANSFORMERS,والتعاون في المنطقة دون الإقليمية آخذ في التحسن باستمرار، ولكن ينبغي زيادة تعزيزه، لا سيما في المناطق الحدودية، من أجل تعزيز الضوابط ضد احتمال وقوع غارة إرهابية وانتشار الجريمة عبر الوطنية.,"Cooperation in the subregion is continuously improving, but should be further strengthened, especially in border areas, in order to bolster controls against possible terrorist incursion and proliferation of transnational crime.",ويشهد التعاون في المنطقة دون الإقليمية تحسناً مستمراً، ولكن ينبغي تعزيزه بقدر أكبر لا سيما في المناطق الحدودية وذلك من أجل تعزيز الضوابط للحماية من أي توغل إرهابي محتمل وانتشار الجريمة العابرة للحدود.,Semantic Divergence,Semantic Shift,Meaning Shift,تسلل إرهابي ,غارة ارهابية,Critical,5,0.3,Accuracy,0.4,0.45,Tier0
2008/s/2008/251/40:4,en_ar_TRANSFORMERS,ويتزايد وضوح مدى التلوث بالذخائر العنقودية مع تقدم أعمال المنظمة.,The extent of cluster-munition contamination is increasingly evident as Landmine Action's work progresses.,ويتجلى مدى انتشار الذخيرة العنقودية بشكل متزايد مع تقدم عمل منظمة مكافحة الألغام الأرضية.,Semantic Divergence,Translation Gap,Total Omission,منظمة مكافحة الألغام الأرضية,,Critical,5,0.3,Accuracy,0.4,0.45,Tier0
2002/s/2002/150/8:1,en_ar_DEEP,(ب) وفي الثاني: توغل تشكيل تركي مكون من طائرتين إف 4 من منطقة كاني راش في الساعة 48/11.,"(b) In the second, a Turkish formation consisting of two F-4 aircraft penetrated from the Kani Rash area at 1148 hours.",ب - الثاني في الساعة 48/11 خرق تشكيل جوي تركي مؤلف من طائرتين نوع (ف - 4) من منطقة كاني رش.,Semantic Divergence,Translation Gap,Total Omission,جوي ,,Critical,5,0.3,Accuracy,0.4,0.45,Tier0
2009/s/2009/170/31:1,en_ar_TRANSFORMERS,(ح) وضع منهجيات لتحسين فعالية التعاون مع فرادى الدول، والمنظمات دون الإقليمية والإقليمية والدولية، والترتيبات المتعددة الأطراف التي تتناول ضوابط التصدير والكيانات ذات الصلة داخل منظومة الأمم المتحدة، وتقييم مستوى التعاون بين اللجان المنشأة عملا بالقرارات 1540 (2004) و 1267 (1999) و 1373 (2001)، مع تقييم مستوى تبادل المعلومات والتنسيق على وجه الخصوص بشأن الزيارات إلى البلدان، وتقديم توصيات محددة، عند الاقتضاء، لتعزيز التعاون.,"(h) Develop methodologies to improve the effectiveness of cooperation with individual States, subregional, regional and international organizations, multilateral arrangements dealing with export controls and relevant entities within the United Nations system, and to assess the level of cooperation between the Committees established pursuant to resolutions 1540 (2004), 1267 (1999) and 1373 (2001), assessing, in particular, the level of information sharing and coordination on visits to countries, and make specific recommendations, if appropriate, for enhancing cooperation.",(ح) وضع منهجيات لتحسين فعالية التعاون مع فرادى الدول والمنظمات دون الإقليمية والمنظمات الإقليمية والمنظمات الدولية والترتيبات المتعددة الأطراف التي تتعامل مع ضوابط التصدير والكيانات ذات الصلة داخل منظومة الأمم المتحدة، وتقييم مستوى التعاون بين اللجان المنشأة عملا بقرارات مجلس الأمن 1540 (2004) و 1267 (1999) و 1373 (2001)، والعمل بوجه خاص على تقييم مستوى تبادل المعلومات والتنسيق فيما يتعلق بالزيارات القطرية، وطرح توصيات محددة، حسب الاقتضاء، من أجل تعزيز التعاون.,Semantic Divergence,Translation Gap,Total Omission,بقرارات مجلس الامن,بالقرارات,Critical,5,0.3,Accuracy,0.4,0.45,Tier0
2014/s/2014/921/27:1,en_ar_TRANSFORMERS,جمهورية أفريقيا الوسطى ووحدة الحراسة التابعة لها، وفرقة العمل الإقليمية التابعة للاتحاد الأفريقي، والقوات الفرنسية المنتشرة في جمهورية أفريقيا الوسطى (الفقرة 54 (أ))؛ وإمدادات المعدات العسكرية غير الفتاكة المخصصة حصرا للاستخدامات الإنسانية أو الوقائية، وما يتصل بذلك من مساعدة أو تدريب تقنيين (الفقرة 54 (ب))؛ والملابس الواقية، بما في ذلك سترات الشظايا والخوذات العسكرية، التي يصدرها مؤقتا إلى جمهورية أفريقيا الوسطى موظفو الأمم المتحدة وممثلو وسائط الإعلام والعاملون في المجالين الإنساني والإنمائي والأفراد المرتبطون بهم، لاستعمالهم الشخصي فقط (الفقرة 54 (ج))؛ وإمدادات الأسلحة الصغيرة وغيرها من المعدات ذات الصلة المخصصة حصرا للاستخدام في الدوريات الدولية التي توفر الأمن في منطقة نهر سانغا المشمولة بحماية ثلاثية للدفاع ضد الصيد غير المشروع وتهريب الأعرج والأسلحة، وغير ذلك من الأنشطة التي تتعارض مع القوانين الوطنية لجمهورية أفريقيا الوسطى أو مع الالتزامات القانونية الدولية لجمهورية أفريقيا الوسطى (الفقرة 54 (د))؛ وإمدادات الأسلحة وغيرها من المعدات الفتاكة ذات الصلة لقوات الأمن في جمهورية أفريقيا الوسطى، المقصود بها حصرا دعم عملية إصلاح قطاع الأمن في جمهورية أفريقيا الوسطى أو استخدامها فيها، على النحو الذي وافقت عليه اللجنة مسبقا (الفقرة 54 (هـ))؛ أو غير ذلك من مبيعات الأسلحة والأعتدة ذات الصلة أو توريدها، أو تقديم المساعدة أو الأفراد (الفقرة 54 (الفقرة 54)).,"Central African Republic and its guard unit, the African Union Regional Task Force and the French forces deployed in the Central African Republic (para. 54 (a)); supplies of non-lethal military equipment intended solely for humanitarian or protective use, and related technical assistance or training (para. 54 (b)); protective clothing, including flak jackets and military helmets, temporarily exported to the Central African Republic by United Nations personnel, representatives of the media and humanitarian and development workers and associated personnel, for their personal use only (para. 54 (c)); supplies of small arms and other related equipment intended solely for use in international patrols providing security in the Sangha River Trinational Protected Area to defend against poaching, the smuggling of ivory and arms, and other activities contrary to the national laws of the Central African Republic or to the international legal obligations of the Central African Republic (para. 54 (d)); supplies of arms and other related lethal equipment to the Central African Republic security forces, intended solely for support of or use in the security sector reform process in the Central African Republic, as approved in advance by the Committee (para. 54 (e)); or other sales or supply of arms and related materiel, or provision of assistance or personnel (para. 54 (f)).",١٦ - وترد حالات الإعفاء من حظر توريد الأسلحة في الفقرة 54 من القرار 2127 (2013) ويجوز منح الإعفاء من أجل ما يلي: الإمدادات المخصصة حصرا لدعم أو استخدام بعثة توطيد السلام في جمهورية أفريقيا الوسطى، وبعثة الدعم الدولية بقيادة أفريقية في جمهورية أفريقيا الوسطى، ومكتب الأمم المتحدة المتكامل لبناء السلام في جمهورية أفريقيا الوسطى ووحدة الحراسة التابعة له، وفرقة العمل الإقليمية التابعة للاتحاد الأفريقي، والقوات الفرنسية المنشورة في جمهورية أفريقيا الوسطى (الفقرة 54 (أ))()؛ أو إمدادات المعدات العسكرية غير الفتاكة المقصود استخدامها حصراً في الأغراض الإنسانية والوقائية، وما يتصل بذلك من مساعدة أو تدريب تقنيين (الفقرة 54 (ب))؛ أو الملابس الواقية، بما فيها السترات الواقية من الرصاص والخوذات العسكرية التي يجلبها بصفة مؤقتة إلى جمهورية أفريقيا الوسطى أفراد الأمم المتحدة وممثلو وسائط الإعلام والعاملون في مجالي الشؤون الإنسانية والإنمائية والأفراد المرتبطون بهم، لاستخدامهم الشخصي فقط (الفقرة 54 (ج))؛ أو إمدادات الأسلحة الصغيرة والمعدات الأخرى ذات الصلة المخصصة حصرا للاستخدام في دوريات دولية توفر الأمن في منطقة نهر سانغا المحمية التي تتشاطرها ثلاثة بلدان لحمايتها من الصيد غير المشروع وتهريب العاج والأسلحة، وغيرها من الأنشطة المخالفة للقوانين الوطنية لجمهورية أفريقيا الوسطى أو للالتزامات القانونية الدولية لجمهورية أفريقيا الوسطى (الفقرة 54 (د))؛ أو إمدادات الأسلحة والمعدات الفتاكة المتصلة بها لقوات أمن جمهورية أفريقيا الوسطى، المقصود بها حصرا دعم عملية إصلاح قطاع الأمن في جمهورية أفريقيا الوسطى واستعمالها فيها، حسبما وافقت عليه اللجنة مسبقا (الفقرة 54 (هـ))؛ أو مبيعات الأسلحة الأخرى وما يتصل بها من أعتدة أو توريدها أو توفير المساعدة أو الأفراد بأي شكل آخر (الفقرة 54 (و)).,Semantic Divergence,Translation Gap,Total Omission,الأخرى,,Critical,5,0.3,Accuracy,0.4,0.45,Tier0
2012/s/prst/2012/23/21:2,en_ar_TRANSFORMERS,ويكرر المجلس تأكيد اعتزامه مواصلة مكافحة الإفلات من العقاب ودعم المساءلة بالوسائل المناسبة.,The Council reiterates its intention to continue forcefully to fight impunity and uphold accountability with appropriate means.,ويؤكد المجلس من جديد عزمه على أن يواصل بقوة مكافحة الإفلات من العقاب ودعم المساءلة بالسبل المناسبة.,Semantic Divergence,Translation Gap,Total Omission,بقوة,,Critical,5,0.3,Accuracy,0.4,0.45,Tier0
2006/s/2006/154/290:2,en_ar_DEEP,تتراوح المواقع من تلك التي تم إنشاؤها للترويج لأفراد معينين، مثل شامل باساييف في الشيشان، أو مجموعات، مثل عسكر الطيبة في باكستان، إلى تلك التي تهدف إلى تبرير الإرهاب المرتبط بتنظيم القاعدة بشكل عام، مثل موقع صوت العالم. الجهاد، أو تقديم التدريب الإرهابي، مثل البتار.,"Sites range from those set up to promote particular individuals, such as Shamil Basayev in Chechnya, or groups, such as Lashkar-E-Tayyiba in Pakistan, to those that aim to justify Al-Qaida-related terrorism in general, such as Voice of Jihad, or offer terrorist training, such as Al-Battar.",وتتراوح المواقع ما بين تلك المنشأة من أجل الترويج لأفراد بعينهم مثل شامِل باساييف في الشيشان أو جماعات بعينها مثل لاشكار الطيبة في باكستان، إلى تلك التي تستهدف تبرير الإرهاب المتصل بتنظيم القاعدة بوجه عام مثل موقع صوت الجهاد، أو تلك التي تقدم التدريب الإرهابي مثل موقع البتّار.,Semantic Divergence,Translation Gap,Name Entity Error,صوت الجهاد,صوت العالم,Severe,4,0.2,Accuracy,0.4,0.45,Tier0
2014/s/2014/740/38:1,en_ar_TRANSFORMERS,29- وصمم المكتب، بالتعاون مع جامعة سيشيل وخبراء من المركز، منهجاً دراسياً لموظفي الشرطة وخفر السواحل وغيرهم من موظفي إنفاذ القانون المشاركين في التحقيق في جرائم القرصنة والجرائم البحرية.,"29. In conjunction with the University of Seychelles and experts from the Centre, UNODC designed a curriculum for police, coastguard and other law enforcement officers involved in investigating piracy and maritime crime.",29 - ووضع مكتب الأمم المتحدة المعني بالمخدرات والجريمة، بالتعاون مع جامعة سيشيل وخبراء من المركز، منهجا دراسيا لأفراد الشرطة وخفر السواحل وغيرهم من ضباط إنفاذ القانون المشاركين في التحقيق في أعمال القرصنة والجرائم البحرية.,Semantic Divergence,Translation Gap,Partial Translation,مكتب الأمم المتحدة  ,المكتب,Severe,4,0.2,Accuracy,0.4,0.45,Tier0
2005/s/2005/60/754:4,en_ar_GOOGLE,كما قاموا بزيارة مراكز الشرطة ومكتب المدعي العام للحصول على معلومات عن أي حالات اغتصاب مسجلة بالفعل.,They also visited police stations and the office of the district attorney in order to obtain information on any cases of rape already registered.,كما زارت مخافر الشرطة ومكتب المدعي العام المحلي للحصول على معلومات عن أي حالات مسجلة بالفعل من حالات الاغتصاب.,Semantic Divergence,Translation Gap,Partial Translation,مكتب المدعي العام ,مكتب المدعي العام للمقاطعة,Severe,4,0.2,Accuracy,0.4,0.45,Tier0
2012/s/prst/2012/24/10:1,en_ar_DEEP,"""ويحث مجلس الأمن الدول والمنظمات الدولية، فضلا عن القطاع الخاص، على تبادل الأدلة والمعلومات والاستخبارات، حسب الاقتضاء، لأغراض إنفاذ قانون مكافحة القرصنة، بما في ذلك ضمان الملاحقة القضائية الفعالة للقراصنة المشتبه فيهم وسجن المدانين منهم. ويشجع المبادرات الحالية والمستقبلية في هذا الصدد.","""The Security Council urges States and international organizations, as well as the private sector to share evidence, information and intelligence, as appropriate, for anti-piracy law enforcement purposes, including for ensuring effective prosecution of suspected, and imprisonment of convicted, pirates, and encourages existing and future initiatives in this regard.","""ويحث مجلس الأمن الدول والمنظمات الدولية، وكذلك القطاع الخاص، على تبادل الأدلة والمعلومات والاستخبارات، حسب الاقتضاء، لأغراض إنفاذ قوانين مكافحة القرصنة، بما في ذلك بهدف ضمان الفعالية في ملاحقة المشتبه فيهم قضائيا، وسجن القراصنة المدانين، ويجع المبادرات المتخذة في هذا الصدد حالياً وفي المستقبل.",Semantic Divergence,Translation Gap,Partial Translation,الملاحقة القضائية الفعالة للقراصنة المشتبه فيهم,محاكمة القراصنة المشتبه,Severe,4,0.2,Accuracy,0.4,0.45,Tier0
2012/s/prst/2012/24/10:1,en_ar_GOOGLE,&quot;ويحث مجلس الأمن الدول والمنظمات الدولية، فضلا عن القطاع الخاص، على تبادل الأدلة والمعلومات والاستخبارات، حسب الاقتضاء، لأغراض إنفاذ قانون مكافحة القرصنة، بما في ذلك ضمان الملاحقة القضائية الفعالة للقراصنة المشتبه فيهم وسجن المدانين منهم. ويشجع المبادرات الحالية والمستقبلية في هذا الصدد.,"""The Security Council urges States and international organizations, as well as the private sector to share evidence, information and intelligence, as appropriate, for anti-piracy law enforcement purposes, including for ensuring effective prosecution of suspected, and imprisonment of convicted, pirates, and encourages existing and future initiatives in this regard.","""ويحث مجلس الأمن الدول والمنظمات الدولية، وكذلك القطاع الخاص، على تبادل الأدلة والمعلومات والاستخبارات، حسب الاقتضاء، لأغراض إنفاذ قوانين مكافحة القرصنة، بما في ذلك بهدف ضمان الفعالية في ملاحقة المشتبه فيهم قضائيا، وسجن القراصنة المدانين، ويجع المبادرات المتخذة في هذا الصدد حالياً وفي المستقبل.",Semantic Divergence,Translation Gap,Partial Translation,الملاحقة القضائية الفعالة للقراصنة المشتبه فيهم,ملاحقة المشتبه فيهم قضائياً,Severe,4,0.2,Accuracy,0.4,0.45,Tier0
2006/s/2006/822/209:8,en_ar_DEEP,ودار تبادل كلامي ساخن بين العقيد ريس والسيد مالك.,Colonel Reis and Mr. Malik had a heated verbal exchange.,ودار جدال شفوي محتدم بين العقيد ريس والسيد مالك.,Semantic Divergence,Idiomatic shift ,Literal Translation,محتدم,ساخن,Major,3,0.1,Accuracy,0.4,0.45,Tier0
2010/s/2010/529/29:2,en_ar_DEEP,وتساعد البعثة أيضا المفرزة الأمنية المتكاملة في إنشاء مكتبة مرجعية ستتضمن مواد دعم تعليمية لتدريب أفراد المفرزة في المستقبل.,MINURCAT is also assisting DIS to establish a reference library that will include educational support materials for the future training of DIS personnel.,كما تساعد البعثة المفرزة على إنشاء مكتبة للمراجع تشمل مواد تعليمية تساعد في تدريب أفراد المفرزة مستقبلا.,Semantic Divergence,Idiomatic shift ,Literal Translation,مكتبة للمراجع ,مكتبة مرجعية,Major,3,0.1,Accuracy,0.4,0.45,Tier0
2005/s/2005/662/363:5,en_ar_DEEP,"دخلت شاحنة الميتسوبيشي كانتر، التي استخدمت كحاملة قنابل، إلى لبنان قادمة من الجمهورية العربية السورية عبر حدود البقاع و""الخط الساخن"" العسكري في 21 كانون الثاني/يناير 2005 الساعة 20/13. وكان يقودها عقيد سوري من الفرقة العاشرة بالجيش.","The Mitsubishi Canter van, which was used as the bomb carrier, entered Lebanon from the Syrian Arab Republic through the Bekaa border and a military ""hot lane"" on 21 January 2005 at 1320 hours. It was driven by a Syrian colonel from the tenth army division.",وكانت شاحنة الميتسوبيشي كانتر، التي استُخدمت لنقل المتفجرات، قد دخلت لبنان من الجمهورية العربية السورية، عبر حدود البقاع، واستخدمت طريقا عسكريا سريعا، يوم 21 كانون الثاني/يناير 2005، الساعة 20/13. وكان يقودها عقيد سوري من الفرقة العاشرة بالجيش.,Semantic Divergence,Idiomatic shift ,Literal Translation, طريقا عسكريا سريعا,الخط الساخن العسكري,Major,3,0.1,Accuracy,0.4,0.45,Tier0
2003/s/2003/398/12:1,en_ar_DEEP,6. كنت مدركًا أنه كان هناك العديد من الفجر الكاذب.,6. I was conscious that there had been many false dawns.,6 - ولقد كنت أدرك أن كثيرا من الدلائل المشجعة الزائفة لاحت من قبل.,Semantic Divergence,Idiomatic shift ,Literal Translation,الدلائل المشجعة الزائفة,الفجر الكاذب,Major,3,0.1,Accuracy,0.4,0.45,Tier0
2005/s/2005/662/363:5,en_ar_TRANSFORMERS,"دخلت شاحنة ميتسوبيشي ستر (Mitsubhishi Cantter) التي كانت تستخدم كحاملة قنابل لبنان من الجمهورية العربية السورية عبر حدود البقاع و""ممر حار"" عسكري في الساعة 20/13 من يوم 21 كانون الثاني/يناير 2005 بقيادة عقيد سوري من الفرقة العسكرية العاشرة.","The Mitsubishi Canter van, which was used as the bomb carrier, entered Lebanon from the Syrian Arab Republic through the Bekaa border and a military ""hot lane"" on 21 January 2005 at 1320 hours. It was driven by a Syrian colonel from the tenth army division.",وكانت شاحنة الميتسوبيشي كانتر، التي استُخدمت لنقل المتفجرات، قد دخلت لبنان من الجمهورية العربية السورية، عبر حدود البقاع، واستخدمت طريقا عسكريا سريعا، يوم 21 كانون الثاني/يناير 2005، الساعة 20/13. وكان يقودها عقيد سوري من الفرقة العاشرة بالجيش.,Semantic Divergence,Idiomatic shift ,Literal Translation, طريقا عسكريا سريعا,ممر حار عسكري,Major,3,0.1,Accuracy,0.4,0.45,Tier0
2014/s/2014/902/124:1,en_ar_DEEPL,محطات المياه o في 23 نوفمبر 2014، قام تنظيم داعش بتفجير سيارة مفخخة بالقرب من محطة تنقية المياه في قرية الميدان في الحسكة، مما ألحق أضرارًا جسيمة بالمحطة. محطات الطاقة,"Water stations o On 23 November 2014, ISIS detonated a car bomb near a purification plant in Midan village, Hasakeh, heavily damaging the plant. Power plants",محطات المياه في 23 تشرين الثاني/نوفمبر 2014، فجّر تنظيم الدولة الإسلامية سيارة مفخخة بالقرب من محطة لتنقية المياه في قرية ميدان بالحسكة مما أدى إلى إلحاق أضرار كبيرة بالمحطة. محطات توليد الطاقة,Semantic Divergence,Granularity Shif,Hypernym for Hyponym,محطات توليد الطاقة,محطات الطاقة,Moderate,2,0.05,Accuracy,0.4,0.45,Tier0
2005/s/2005/686/23:1,en_ar_TRANSFORMERS,(أ) أن يطلب إلى الأمانة أن تقدم معلومات مستكملة عن حالة مسألة احتمال ازدواج التعويضات في الفئتين ألف وجيم لكي يواصل الفريق العامل النظر فيها في اجتماعاته المقبلة، وأن تبقيها مدرجة في جدول أعمال الدورة المقبلة لمجلس الإدارة؛ وأن توافق على طلب الأمانة تمديد ولاية خمسة موظفين حتى 31 كانون الأول/ديسمبر 2005 لتقديم الدعم لخبراء المحاسبين الشرعيين وتنفيذ أي توصيات قد تقدم بشأن احتمال ازدواج التعويضات.,To request the secretariat to provide status updates on the issue of potential duplicate awards in categories A and C for the Working Group's continued consideration at its future meetings and to keep it on the agenda for the next Governing Council session; and that the request by the secretariat be approved for the extension of five staff members to 31 December 2005 to provide support to the forensic accountant experts and to implement any recommendations that may be made concerning potential duplicate awards.,أن يطلب إلى الأمانة أن تقدم تقارير عن المستجدات فيما يتصل بمسالة التعويضات المزدوجة المحتملة من الفئتين ألف وجيم لكي يواصل الفريق العامل النظر فيها خلال اجتماعاته المقبلة، وأن تبقي المسألة على جدول أعمال الدورة التالية لمجس الإدارة، وأن تتم الموافقة على طلب الأمانة تمديد عقود خمسة من الموظفين حتى 31 كانون الأول/ديسمبر 2005، لتقديم الدعم لخبراء المحاسبة في مجال الأدلة الجنائية وتنفيذ أية توصيات يمكن أن تُقدم بخصوص التعويضات المزدوجة المحتملة.,Semantic Divergence,Granularity Shif,Hypernym for Hyponym,تقديم تقارير,تقدم معلومات,Moderate,2,0.05,Accuracy,0.4,0.45,Tier0
2006/s/2006/384/61:1,en_ar_DEEP,أجهزة التتبع الإلكترونية – من خلال وضع نظام قانوني لاستخدام تقنية التحقيق هذه:,Electronic tracking devices - by creating a statutory regime for the use of this investigative technique:,:: أجهزة التعقب الإلكتروني - بإنشاء نظام رسمي لاستخدام هذا الأسلوب من أساليب التحقيق؟,Semantic Divergence,Granularity Shift,Hypernym for Hyponym,   قانوني,رسمي ,Moderate,2,0.05,Accuracy,0.4,0.45,Tier0
2005/s/2005/648/40:2,en_ar_DEEP,وآمل أن تساعد هذه الخطوة الإيجابية في تهيئة مناخ يفضي إلى إنهاء المأزق الحالي وتمهيد الطريق للتقدم الذي طال انتظاره نحو حل سياسي عادل ودائم ومقبول من الطرفين للصراع.,"I hope that this positive step will help to create an atmosphere conducive to ending the current impasse and paving the way for the long-awaited progress towards a just, lasting and mutually acceptable political solution to the conflict.",وآمل أن تساعد هذه الخطوة الإيجابية في خلق مناخ يشجع على وضع حد للمأزق الحالي وتمهيد الطريق لإحراز التقدم الذي طال انتظاره نحو حل سياسي للنزاع يكون عادلا ودائما ومقبولا على نحو متبادل.,Semantic Divergence,Granularity Shift,Hypernym for Hyponym,إحراز التقدم ,للتقدم,Moderate,2,0.05,Accuracy,0.4,0.45,Tier0
2006/s/2006/154/290:2,en_ar_DEEP,تتراوح المواقع من تلك التي تم إنشاؤها للترويج لأفراد معينين، مثل شامل باساييف في الشيشان، أو مجموعات، مثل عسكر الطيبة في باكستان، إلى تلك التي تهدف إلى تبرير الإرهاب المرتبط بتنظيم القاعدة بشكل عام، مثل موقع صوت العالم. الجهاد، أو تقديم التدريب الإرهابي، مثل البتار.,"Sites range from those set up to promote particular individuals, such as Shamil Basayev in Chechnya, or groups, such as Lashkar-E-Tayyiba in Pakistan, to those that aim to justify Al-Qaida-related terrorism in general, such as Voice of Jihad, or offer terrorist training, such as Al-Battar.",وتتراوح المواقع ما بين تلك المنشأة من أجل الترويج لأفراد بعينهم مثل شامِل باساييف في الشيشان أو جماعات بعينها مثل لاشكار الطيبة في باكستان، إلى تلك التي تستهدف تبرير الإرهاب المتصل بتنظيم القاعدة بوجه عام مثل موقع صوت الجهاد، أو تلك التي تقدم التدريب الإرهابي مثل موقع البتّار.,Semantic Divergence,Granularity Shif,Hypernym for Hyponym,جماعات  , مجموعات,Moderate,2,0.05,Accuracy,0.4,0.45,Tier0
2011/s/2011/245/131:3,en_ar_GOOGLE,ولكن على الرغم من أن الفريق لا يرى أن المشورة الفنية شبه العسكرية المتاحة على الإنترنت تمثل تهديدا على قدم المساواة مع التدريب في الحياة الواقعية، فإن الإمكانية ستزداد مع تحسن جودة المشورة.,"But, although the Team does not assess that paramilitary technical advice available on the Internet presents a threat on a par with real-life training, the potential will increase as the quality of advice improves.",ولكن رغم أن الفريق لا يرى أن المشورة التقنية شبه العسكرية المتاحة على الإنترنت تشكل تهديدا يضاهي التدريب الميداني، فإن إمكانياتها تتزايد مع تحسين نوعية المشورة المقدمة.,Semantic Divergence,Granularity Shif,Hyponym for Hypernym,التدريب في الحياة الواقعية,التدريب الميداني,Moderate,2,0.05,Accuracy,0.4,0.45,Tier0
2014/s/2014/740/81:1,en_ar_GOOGLE,67. وأجدد دعوتي إلى الإفراج الفوري وغير المشروط عن جميع البحارة الأبرياء المحتجزين كرهائن في الصومال حتى يتمكنوا من الانضمام إلى أسرهم.,67. I renew my call for the immediate and unconditional release of all innocent seafarers held hostage in Somalia so that they can rejoin their families.,٦٧ - وأجدد دعوتي إلى الإفراج الفوري وغير المشروط عن جميع الملاحين الأبرياء المحتجزين كرهائن في الصومال، لكي يتمكنوا من الانضمام إلى أسرهم.,Semantic Divergence,Granularity Shif,Hyponym for Hypernym,الملاحين,البحارة,Moderate,2,0.05,Accuracy,0.4,0.45,Tier0
2011/s/2011/463/445:1,en_ar_TRANSFORMERS,259 - يتطلب القرار 1373 (2001) من الدول منع تنقل الإرهابيين والجماعات الإرهابية عبر الحدود من خلال فرض ضوابط على إصدار وثائق هوية وسفر مأمونة وصحيحة.,259. Resolution 1373 (2001) requires States to prevent the cross-border movement of terrorists and terrorist groups through controls on the issuance of secure and valid identity and travel documents.,258 - ويُطلب إلى الدول، بموجب القرار 1373 (2001)، منع حركة الإرهابيين والجماعات الإرهابية عبر الحدود وذلك من خلال فرض الضوابط على إصدار وثائق مأمونة وصحيحة للهوية والسفر.,Semantic Divergence,Granularity Shif,Hyponym for Hypernym,حركة ,تنقل,Moderate,2,0.05,Accuracy,0.4,0.45,Tier0
2009/s/res/1904_2009_/23:1,en_ar_GOOGLE,(ج) منع التوريد أو البيع أو النقل المباشر أو غير المباشر لهؤلاء الأفراد والجماعات والمؤسسات والكيانات من أراضيها أو من قبل رعاياها خارج أراضيها، أو باستخدام السفن أو الطائرات التي ترفع علمها، للأسلحة والأعتدة ذات الصلة بجميع أنواعها. بما في ذلك الأسلحة والذخيرة، والمركبات والمعدات العسكرية، والمعدات شبه العسكرية، وقطع الغيار لما سبق ذكره، والمشورة الفنية أو المساعدة أو التدريب المتعلق بالأنشطة العسكرية؛,"(c) Prevent the direct or indirect supply, sale, or transfer to these individuals, groups, undertakings and entities from their territories or by their nationals outside their territories, or using their flag vessels or aircraft, of arms and related materiel of all types including weapons and ammunition, military vehicles and equipment, paramilitary equipment, and spare parts for the aforementioned, and technical advice, assistance, or training related to military activities;",(ج) منع توريد الأسلحة وما يتصل بها من معدات بجميع أنواعها، بما في ذلك الأسلحة والذخائر، والمركبات والمعدات العسكرية، والمعدات شبه العسكرية، وقطع الغيار اللازمة لما سبق ذكره، أو بيعها أو نقلها، بطرق مباشرة أو غير مباشرة، إلى أولئك الأفراد أو تلك الجماعات والمؤسسات والكيانات، من أراضيها أو من جانب رعاياها خارج أراضيها أو باستخدام السفن أو الطائرات التي تحمل أعلامها، وكذلك منع تقديم أي مشورة فنية أو مساعدة أو تدريب يتصل بالأنشطة العسكرية؛,Morphosyntactic Shift ,Morphological Error,Invalid Pattern,معدات, الأعتدة,Major,3,0.3,Fluency,0.2,0.4375,Tier0
2009/s/2009/170/31:1,en_ar_GOOGLE,(ح) وضع منهجيات لتحسين فعالية التعاون مع فرادى الدول والمنظمات دون الإقليمية والإقليمية والدولية، والترتيبات المتعددة الأطراف التي تتناول ضوابط التصدير والكيانات ذات الصلة داخل منظومة الأمم المتحدة، وتقييم مستوى التعاون بين اللجان المنشأة عملاً القرارات 1540 (2004)، 1267 (1999) و 1373 (2001)، بتقييم مستوى تبادل المعلومات وتنسيق الزيارات إلى البلدان، على وجه الخصوص، وتقديم توصيات محددة، إذا كان ذلك مناسبا، لتعزيز التعاون.,"(h) Develop methodologies to improve the effectiveness of cooperation with individual States, subregional, regional and international organizations, multilateral arrangements dealing with export controls and relevant entities within the United Nations system, and to assess the level of cooperation between the Committees established pursuant to resolutions 1540 (2004), 1267 (1999) and 1373 (2001), assessing, in particular, the level of information sharing and coordination on visits to countries, and make specific recommendations, if appropriate, for enhancing cooperation.",(ح) وضع منهجيات لتحسين فعالية التعاون مع فرادى الدول والمنظمات دون الإقليمية والمنظمات الإقليمية والمنظمات الدولية والترتيبات المتعددة الأطراف التي تتعامل مع ضوابط التصدير والكيانات ذات الصلة داخل منظومة الأمم المتحدة، وتقييم مستوى التعاون بين اللجان المنشأة عملا بقرارات مجلس الأمن 1540 (2004) و 1267 (1999) و 1373 (2001)، والعمل بوجه خاص على تقييم مستوى تبادل المعلومات والتنسيق فيما يتعلق بالزيارات القطرية، وطرح توصيات محددة، حسب الاقتضاء، من أجل تعزيز التعاون.,Morphosyntactic Shift ,Morphological Error,Invalid Pattern,عملاً بالقرارات , عملاً القرارات,Major,3,0.3,Fluency,0.2,0.4375,Tier0
2013/s/prst/2013/21/9:1,en_ar_DEEP,"""ويعرب مجلس الأمن عن قلقه إزاء التهديد الذي تشكله الأسلحة والذخائر غير المؤمنة في ليبيا وانتشارها، مما يشكل خطرا على الاستقرار، بما في ذلك من خلال نقلها إلى الجماعات الإرهابية والمتطرفة، ويدعو الحكومة الليبية إلى اتخاذ تدابير ملموسة للسيطرة على مخزونات الأسلحة والذخيرة في ليبيا من خلال ضمان الإدارة السليمة والتخزين الآمن، والتخلص الفعال، عند الاقتضاء، من الأسلحة والأعتدة ذات الصلة ومن خلال تعزيز أمن الحدود، ويحث في هذا الصدد الدول المجاورة على التعاون مع السلطات الليبية في جهودها لتأمين حدودها. .","""The Security Council expresses its concern at the threat posed by unsecured arms and ammunition in Libya and their proliferation, which poses a risk to stability, including through transfer to terrorist and extremist groups, and calls on the Libyan government to take concrete measures to control arms and ammunition stockpiles in Libya by ensuring proper management, safe storage and, where appropriate, effective disposal of arms and related materiel and through strengthening border security, and in this regard urges neighbouring states to cooperate with the Libyan authorities' efforts to secure their borders.",''ويعرب مجلس الأمن عن قلقه إزاء التهديد الناجم عن الأسلحة والذخائر غير المؤمَّنة في ليبيا وعن انتشارها، لما تشكله من خطر على الاستقرار لأسباب تشمل خطر نقلها إلى الجماعات الإرهابية والمتطرفة، ويدعو الحكومة الليبية إلى اتخاذ تدابير ملموسة لإحكام سيطرتها على مخزونات الأسلحة والذخائر في ليبيا، وذلك من خلال كفالة حسن إدارة الأسلحة وما يتصل بها من عتاد وتخزينها على نحو آمن، والتخلص منها بفعالية عند الاقتضاء، وكذلك من خلال تعزيز أمن الحدود، ويحث الدول المجاورة على التعاون في هذا الصدد مع السلطات الليبية في الجهود التي تبذلها لكفالة أمن حدودها.,Morphosyntactic Shift ,Morphological Error,Invalid Pattern,عتاد,الأعتدة,Major,3,0.3,Fluency,0.2,0.4375,Tier0
2008/s/2008/80/79:1,en_ar_DEEPL,19. إن إنشاء الفريق المعني بالقرار 1624 (2005) وجوانب حقوق الإنسان في مكافحة الإرهاب سيمكن المديرية التنفيذية أولا من المساهمة في نظر اللجنة في الكيفية التي يمكن أن تساعد بها الدول الأعضاء على معالجة مسائل من قبيل التحريض على الإرهاب والحوارات بين الثقافات التي أثارها القرار 1624 (2005).,"19. The establishment of the group on resolution 1624 (2005) and the human rights aspects of counter-terrorism will, firstly, enable the Executive Directorate to contribute to the Committee's consideration of how it might assist Member States to address issues such as incitement to terrorism and the inter-cultural dialogues raised by resolution 1624 (2005).",19 - وسيؤدي إنشاء الفريق المعني بالقرار 1624 (2005) وجوانب حقوق الإنسان المتعلقة بمكافحة الإرهاب إلى ما يلي: أولا، تمكين المديرية التنفيذية من الإسهام في نظر اللجنة في كيفية قيامها بمساعدة الدول الأعضاء على تناول مسائل مثل التحريض على الإرهاب والحوار المشترك بين الثقافات التي أثارها القرار 1624 (2005).,Morphosyntactic Shift,Morphological Error,Tanween Omission,أولاً , أولا,Moderate,2,0.2,Fluency,0.2,0.4375,Tier0
2012/s/2012/373/374:1,en_ar_DEEP,أولاً، أدى إنشاء المحاكم المخصصة إلى تحفيز السلطات الوطنية على مكافحة الإفلات من العقاب على هذه الجرائم نفسها.,"First, the establishment of the ad hoc tribunals motivated national authorities to take up the fight against impunity for these same crimes.",أولا، لقد حفز إنشاء المحكمتين المخصصتين السلطات الوطنية على خوض معركة الكفاح ضد الإفلات من العقاب على هذه الجرائم نفسها.,Morphosyntactic Shift,Morphological Error,Tanween Omission,أولاً , أولا,Moderate,2,0.2,Fluency,0.2,0.4375,Tier0
2005/s/2005/699/320:3,en_ar_TRANSFORMERS,وقد أُلغيت الرحلة ولم يتم تفادي حدوث أزمة إلا بعد أن اتصل قائد قوة ليكورن، الجنرال إيراستورزا، هاتفيا برئيس أركان القوات المسلحة الوطنية لكوت ديفوار، الجنرال منغو، ليقول إن هذه الرحلة ستعتبر عملا عدائيا.,"The flight was cancelled and a crisis averted only after the Commander of the Licorne force, General Irastorza, phoned the FANCI Chief of Staff, General Mangou, to say that such a flight would be considered as a hostile action.",وقد أُلغيت العملية، ولم يتسن تجنب حدوث أزمة إلا بعد أن اتصل قائد قوات ليكورن الفرنسية الفريق أول إيراستورزا هاتفياً برئيس أركان قوات الجيش الوطني الإيفواري الفريق أول مانغو ليخبره بأن هذه الطلعة ستعتبر عملاً عدائياً.,Morphosyntactic Shift,Morphological Error,Tanween Omission,عدائياً,عدائيا,Moderate,2,0.2,Fluency,0.2,0.4375,Tier0
2014/s/2014/919/26:2,en_ar_TRANSFORMERS,وتلقت اللجنة 11 إخطارا من دول أعضاء تمد السلطات الكونغولية بمعدات عسكرية وأرسلت عددا مقابلا من رسائل الإقرار.,The Committee received 11 notifications from Member States supplying military equipment to the Congolese authorities and dispatched a corresponding number of acknowledgement letters.,وقد تلقت اللجنةُ 11 إخطاراً من دول أعضاء تقوم بتوريد معدات عسكرية إلى السلطات الكونغولية، وبعثت عدداً مماثلاً من الإقرارات.,Morphosyntactic Shift,Morphological Error,Tanween Omission,إخطاراً,إخطارا,Moderate,2,0.2,Fluency,0.2,0.4375,Tier0
2009/s/res/1904_2009_/68:1,en_ar_TRANSFORMERS,38 - يوعز إلى اللجنة أن تحدد الحالات المحتملة لعدم الامتثال للتدابير عملا بالفقرة 1 أعلاه وأن تحدد مسار العمل المناسب بشأن كل حالة، ويطلب إلى الرئيس أن يقدم، في التقارير الدورية المقدمة إلى المجلس عملا بالفقرة 46 أدناه، تقارير مرحلية عن أعمال اللجنة بشأن هذه المسألة؛,"38. Directs the Committee to identify possible cases of non-compliance with the measures pursuant to paragraph 1 above and to determine the appropriate course of action on each case, and requests the Chairman, in periodic reports to the Council pursuant to paragraph 46 below, to provide progress reports on the Committee's work on this issue;",38 - يشير على اللجنة بأن تحدد الحالات المحتملة لعدم الامتثال للتدابير المتخذة بموجب الفقرة 1 أعلاه وأن تقرر مسار العمل الملائم في كل حالة على حدة، ويطلب إلى الرئيس أن يفيد عن التقدم الذي تحرزه اللجنة مرحليا في عملها بشأن هذه المسألة، في التقارير الدورية المقدمة إلى المجلس عملا بالفقرة 46 أدناه؛,Morphosyntactic Shift,Morphological Error,Tanween Omission,عملاً , عملا,Moderate,2,0.2,Fluency,0.2,0.4375,Tier0
2010/s/prst/2010/25/819:1,en_ar_TRANSFORMERS,تكرر الإعراب عن بالغ القلق لأنه على الرغم من إدانتها المتكررة للعنف ضد النساء والأطفال، بما في ذلك جميع أشكال العنف الجنسي في حالات النزاع المسلح، ورغم نداءاتها الموجهة إلى جميع أطراف النزاع المسلح لوقف هذه الأعمال فورا، فإن هذه الأعمال لا تزال تحدث، وأصبحت في بعض الحالات منتظمة أو واسعة النطاق.,"Reiterating deep concern that, despite its repeated condemnation of violence against women and children including all forms of sexual violence in situations of armed conflict, and despite its calls addressed to all parties to armed conflict for the cessation of such acts with immediate effect, such acts continue to occur, and in some situations have become systematic or widespread.",وإذ يكرر الإعراب عن قلقه البالغ لأنه، رغم إدانته المتكررة للعنف الموجه ضد المرأة والطفل، بما في ذلك جميع أشكال العنف الجنسي في حالات النزاع المسلح، ورغم الدعوات التي وجّهها إلى جميع أطراف النزاعات المسلحة بالكف فورا عن هذه الأعمال، فإن هذه الأعمال لا تزال ترتكب، بل وأضحت في بعض الحالات تُرتكب بشكل منهجي وواسع النطاق.,Morphosyntactic Shift ,Agreement Error,Gender Disagreement,إدانته , إدانتها,Major,3,0.3,Fluency,0.2,0.4375,Tier0
2011/s/2011/463/120:5,en_ar_DEEPL,وتوجد لدى غالبية الدول تشريعات لمكافحة غسل الأموال، وأربعة من تلك الدول تدرج تمويل الإرهاب كجريمة أصلية.,"The majority of States have anti-money-laundering legislation in place, and four of those States include terrorist financing as a predicate offence.",وتوجد لدى غالبية الدول تشريعات لمكافحة غسل الأموال وتدرج أربع من تلك الدول تمويل الإرهاب في تشريعاتها باعتباره جريمة أصلية.,Morphosyntactic Shift ,Agreement Error,Gender Disagreement,أربع , أربعة,Major,3,0.3,Fluency,0.2,0.4375,Tier0
2014/s/res/2195__2014_/21:1,en_ar_TRANSFORMERS,وإذ يساورها بالغ القلق، في هذا الصدد، إزاء الأمثلة الأخيرة على الجماعات الإرهابية، بما فيها الجماعات المستفيدة من الجريمة المنظمة عبر الوطنية التي تهاجم موظفي الأمم المتحدة،,"Seriously concerned, in this regard, by recent examples of terrorist groups, including those benefiting from transnational organized crime, attacking United Nations personnel,",وإذ يساوره شديد القلق، في هذا الصدد، لقيام جماعات إرهابية مؤخرا، من بينها جماعات مستفيدة من ارتكاب جرائم منظمة عابرة للحدود الوطنية، بمهاجمة موظفي الأمم المتحدة،,Morphosyntactic Shift ,Agreement Error,Gender Disagreement,يساوره,يساورها,Major,3,0.3,Fluency,0.2,0.4375,Tier0
2008/s/2008/250/69:2,en_ar_TRANSFORMERS,وسيواصل العنصر العسكري لعملية الأمم المتحدة في كوت ديفوار تنفيذ مفهومه الجديد للعمليات، والعمل مع قوة ليكورن لمساعدة الطرفين في تنفيذ مقترحات الميسِّر لإعادة إدماج أفراد القوات الجديدة في الشرطة الوطنية والجيش، وإعداد خطط طوارئ لتدخلات محتملة لتحقيق الاستقرار لمنع أعمال العنف الرامية إلى تعطيل عملية السلام.,"The UNOCI military component will continue to implement its new concept of operations, work with the Licorne force to assist the parties in implementing the Facilitator's proposals for the reintegration of Forces nouvelles personnel in the national police and the army and prepare contingency plans for possible stabilization interventions to prevent acts of violence aimed at disrupting the peace process.",وسيواصل العنصر العسكري للعملية تنفيذ مفهومه الجديد للعمليات، والتعاون مع قوة ليكورن لمساعدة الأطراف على تنفيذ مقترحات الميسّر من أجل إعادة إدماج أفراد القوات الجديدة في الشرطة الوطنية والجيش وإعداد خطط طارئة بشأن إمكان القيام بتدخلات لإضفاء الاستقرار من أجل الحيلولة دون وقوع أعمال عنف تهدف إلى تعطيل عملية السلام.,Morphosyntactic Shift,Definiteness Shift,Definiteness Shift,عنف , العنف,Moderate,2,0.2,Fluency,0.2,0.4375,Tier0
2005/s/2005/682/29:1,en_ar_TRANSFORMERS,4 - وستشدد البعثة على أهمية تحقيق السلام والأمن والاستقرار على نحو مستدام لجميع بلدان المنطقة.,4. The mission will stress the importance of achieving sustainable peace and security and stability for all countries in the region.,4 - ستؤكد البعثة أنه لا بد من التوصل إلى سلام دائم وتحقيق الأمن والاستقرار لجميع بلدان المنطقة.,Morphosyntactic Shift ,Definiteness Shift,Definiteness Shift,سلام  , السلام,Moderate,2,0.2,Fluency,0.2,0.4375,Tier0
2005/s/2005/633/25:2,en_ar_TRANSFORMERS,ولكي يتحقق السلام الإقليمي الدائم، لا بد من معالجة جميع القوى السلبية معالجة شاملة ونزع سلاحها بالقوة.,"For durable regional peace to be realized, all the negative forces have to be comprehensively handled and forcibly disarmed.",ومن أجل تحقيق سلام إقليمي دائم يتعين التعامل مع جميع القوات الهدامة بشكل شامل ونزع سلاحها بالقوة.,Morphosyntactic Shift ,Definiteness Shift,Definiteness Shift,سلام إقليمي دائم ,  السلام الإقليمي الدائم,Moderate,2,0.2,Fluency,0.2,0.4375,Tier0
2009/s/2009/193/92:3,en_ar_TRANSFORMERS,"ولذلك فإنه يحث المجلس على التحول من نهج ""موجه حسب الطلب"" إلى جهد ""أكثر نشاطاً"" لزيادة اهتمام الدول غير الأعضاء بعمله.","He therefore urged the Council to shift from a ""demand driven"" approach towards a ""more active"" effort to raise the interest of non-members with regard to its work.","ولذا فقد حث المجلس على التحول من النهج ""القائم على الطلب"" إلى بذل جهود ""أنشط"" لزيادة اهتمام الجهات غير الأعضاء بأعماله.",Syntactic Shift,Aspect Shift,Perfective to Progressive,حث,يحث,Severe,4,0.15,Fluency,0.25,0.4375,Tier0
2014/s/2014/276/73:3,en_ar_TRANSFORMERS,ويجري تقييم المسائل المتعلقة بالجرائم ضد الإنسانية على أساس التعاريف التي يحددها القانون الجنائي الدولي العرفي وفي نظام روما الأساسي للمحكمة الجنائية الدولية.,Matters relating to crimes against humanity were assessed on the basis of definitions set out by customary international criminal law and in the Rome Statute of the International Criminal Court.,وقُيِّمت المسائل المتصلة بالجرائم ضد الإنسانية استناداً إلى التعاريف الواردة في القانون الجنائي الدولي العرفي وفي نظام روما الأساسي للمحكمة الجنائية الدولية.,Syntactic Shift,Aspect Shift,Perfective to Progressive,قُيمت,يجري تقييم,Severe,4,0.15,Fluency,0.25,0.4375,Tier0
2005/s/2005/645/14:1,en_ar_TRANSFORMERS,ولا تؤيد أوغندا أي ميليشيا كونغولية كما يدعي الممثل الدائم لجمهورية الكونغو الديمقراطية.,Uganda does not support any Congolese militia as alleged by the Permanent Representative of the Democratic Republic of the Congo.,لا تدعم أوغندا أي مليشيات كونغولية حسبما ادعى الممثل الدائم لجمهورية الكونغو الديمقراطية.,Syntactic Shift,Aspect Shift,Perfective to Progressive,ادعى,يدعي,Severe,4,0.15,Fluency,0.25,0.4375,Tier0
2005/s/2005/690/14:3,en_ar_DEEPL,كانت إريتريا تنظم وتدرب ثم ترسل إلى إثيوبيا جميع أنواع رجال العصابات والعناصر الإرهابية لإحداث الفوضى في بلدنا وإحداث زعزعة الاستقرار السياسي.,"Eritrea has been organizing, training and then sending into Ethiopia all sorts of gangsters and terrorist elements to cause havoc in our country and to cause political instability.",فإريتريا ظلت تنظم وتدرب فئات شتى من عناصر العصابات الإجرامية والإرهابيين وترسلهم إلى إثيوبيا ليعيثوا فسادا في بلدنا ولزعزعة الاستقرار السياسي.,Syntactic Shift,Aspect Shift,Progressive to Perfective,ظلت تنظم,كانت إريتريا تنظم,Severe,4,0.15,Fluency,0.25,0.4375,Tier0
2004/s/2004/170/40:1,en_ar_DEEP,ترأست جنوب أفريقيا عملية كيمبرلي منذ إنشائها في مايو/أيار 2000. وانتقلت الرئاسة إلى كندا في الأول من يناير/كانون الثاني 2004 لمدة عام واحد، وبعد ذلك سوف تنتقل الرئاسة إلى الاتحاد الروسي، نائب الرئيس لعام 2004، للسنة التقويمية 2005.,"South Africa has been chairing the KPCS since its inception in May 2000. The Chair passed to Canada on 1 January 2004 for one year, after which it will pass to the Russian Federation, the 2004 Vice Chair, for the 2005 calendar year.",وقد ظلت جنوب أفريقيا تترأس هذا النظام منذ بدايته في أيار/مايو 2000. وقد انتقلت الرئاسة إلى كندا في 1 كانون الثاني/يناير 2004 لمدة عام واحد، تنتقل بعدها إلى الاتحاد الروسي، نائب الرئيس في عام 2004، للعام التقويمي 2005.,Syntactic Shift,Aspect Shift,Progressive to Perfective,ظلت جنوب أفريقيا تترأس,ترأست جنوب أفريقيا,Severe,4,0.15,Fluency,0.25,0.4375,Tier0
2011/s/2011/463/142:1,en_ar_TRANSFORMERS,66 - وفي محاولة لمواجهة الزيادة في الجرائم المرتكبة في البحر، تقوم المنظمة البحرية لغرب ووسط أفريقيا، بمساعدة المنظمة البحرية الدولية، بتعزيز التعاون فيما بين وكالات إنفاذ القانون من خلال إنشاء شبكة من وحدات خفر السواحل.,"66. In an effort to counter the increase in crimes committed at sea, the Maritime Organization of Western and Central Africa (MOWCA), with the assistance of IMO, is enhancing cooperation among law enforcement agencies through the establishment of a network of coastguard units.",66 - وسعيا إلى مكافحة ازدياد معدلات الجرائم التي ترتكب في البحر، تعمل المنظمة البحرية لغرب ووسط أفريقيا، بمساعدة المنظمة البحرية العالمية، على تعزيز التعاون فيما بين وكالات إنفاذ القانون عن طريق إنشاء شبكة من وحدات خفر السواحل.,Syntactic Shift,Aspect Shift,Progressive to Perfective,التي ترتكب,المرتكبة,Severe,4,0.15,Fluency,0.25,0.4375,Tier0
2011/s/2013/467/84:2,en_ar_DEEP,إن نظام العقوبات لن يكون فعالاً إلا إذا تم فهمه جيداً، وخاصة من جانب الدول الأعضاء، التي تعد مشاركتها النشطة أمراً حاسماً في المساهمة في إيجاد قائمة قوية وضمان التنفيذ المناسب بعد ذلك.,"The sanctions regime is only as effective as it is well understood, in particular by Member States, whose active participation is crucial in contributing to a robust List and ensuring that appropriate enforcement follows.",ولا يكون نظام الجزاءات فعالا إلا بقدر ما يُفهم فهما جيدا، ولا سيما من الدول الأعضاء التي تتسم مشاركتها بالأهمية البالغة في المساهمة في تعزيز القائمة وكفالة استتباعها بالإنفاذ الملائم.,Syntactic Shift,Tense Shift,Tense Shift Under Negation,لا يكون,لن يكون,Major,3,0.2,Accuracy,0.25,0.45,Tier0
2005/s/2005/60/386:1,en_ar_GOOGLE,218 - وشددت حركة العدل والمساواة على أن أنظمتها الداخلية تتضمن التزامات قوية باحترام القانون الإنساني الدولي والقانون الدولي لحقوق الإنسان، وأنها لم تتعرض أو سيتم مهاجمة أي أهداف مدنية.,"218. JEM underlined that its internal regulations contained strong commitments to respect international humanitarian law and international human rights law, and that no civilian targets had been or would be attacked.",218 - وأكدت حركة العدل والمساواة أن لوائحها الداخلية تحتوي التزامات قوية تتعهد فيها باحترام القانون الإنساني الدولي والقانون الدولي لحقوق الإنسان وأكدت كذلك أنها لم ولن توجه هجماتها ضد أهداف مدنية.,Syntactic Shift,Tense Shift,Tense Shift Under Negation,لم ولن توجه,لم تتعرض,Major,3,0.2,Accuracy,0.25,0.45,Tier0
2005/s/2005/60/183:3,en_ar_TRANSFORMERS,وثمة مشكلة أخرى هي أنه يبدو أن الحكومة لا تملك موارد عسكرية كافية، لأن العديد من قواتها لا تزال موجودة في الجنوب، وأن القوات الموجودة في دارفور توجد أساسا في المراكز الحضرية الرئيسية.,"An additional problem was the fact that the Government apparently was not in possession of sufficient military resources, as many of its forces were still located in the south, and those present in Darfur were located mainly in the major urban centres.",وكان ثمة مشكلة إضافية هي أن الحكومة لم يكن متوفرا لديها فيما يبدو موارد عسكرية كافية نظرا لأن كثيرا من قواتها كان لا يزال موجودا في الجنوب ومن وجد منهم في دارفور كان موزعا بالأساس على المراكز الحضرية الرئيسية.,Syntactic Shift,Tense Shift,Tense Shift Under Negation,لم يكن متوفرا,لا تمتلك,Major,3,0.2,Accuracy,0.25,0.45,Tier0
2005/s/2005/636/726:1,en_ar_TRANSFORMERS,مستشار للشؤون الجنسانية مقره في مكتب الدعم الإقليمي لشرق أفريقيا والجنوب الأفريقي التابع لبرنامج الأمم المتحدة المشترك المعني بفيروس نقص المناعة البشرية/الإيدز، يقدم المشورة في مجال السياسات والمشورة التقنية من أجل تعميم مراعاة قضايا المرأة وفيروس نقص المناعة البشرية/الإيدز في البرامج الوطنية لمكافحة الإيدز.,Gender adviser based in the UNAIDS Regional Support Office for East and Southern Africa providing policy and technical advice to mainstream women and HIV/AIDS issues into national AIDS programmes.,مستشار جنساني يوجد مقره في المكتب الإقليمي لدعم برنامج الأمم المتحدة المشترك المعني بفيروس نقص المناعة البشرية/الإيدز في الشرق والجنوب الأفريقيين يقدم المشورة بشأن السياسات والجوانب التقنية لتعميم المسائل المتصلة بالمرأة وفيروس نقص المناعة المكتسب/ الإيدز في البرامج الوطنية المتعلقة بالإيدز.,Syntactic Shift,Structural Error,Wrong Structure,مكتب الدعم الإقليمي لشرق أفريقيا والجنوب الأفريقي التابع لبرنامج الأمم المتحدة المشترك المعني بفيروس نقص المناعة البشرية/الإيدز,المكتب الإقليمي لدعم برنامج الأمم المتحدة المشترك المعني بفيروس نقص المناعة البشرية/الإيدز في الشرق والجنوب الأفريقيين,Major,3,0.2,Fluency,0.25,0.4375,Tier0
2012/s/res/2083__2012_/178:1,en_ar_GOOGLE,(ج) يرسل من اللجنة جميع المعلومات المتعلقة بالقرار المقدم إلى أمين المظالم عملاً بالفقرة 14 أعلاه.,(c) Forwards from the Committee all information about the decision provided to the Ombudsperson pursuant to paragraph 14 above.,(ج) إحالة جميع المعلومات التي زودت بها اللجنة أمين المظالم بشأن القرار، عملاً بالفقرة 14 أعلاه.,Syntactic Shift,Structural Error,Wrong Structure,إحالة جميع المعلومات, يرسل من اللجنة جميع المعلومات,Major,3,0.2,Fluency,0.25,0.4375,Tier0
2012/s/2012/373/641:2,en_ar_TRANSFORMERS,وفي مذكرة، أشار ثيو فان بوفن، المقرر الخاص السابق للجنة الفرعية لمنع التمييز وحماية الأقليات، إلى أن هذا الحكم أكثر تفصيلاً وتحديداً فيما يتعلق بحق الضحايا في الحصول على تعويض من أي معاهدة دولية سابقة لحقوق الإنسان.,"In a note, Theo Van Boven, the former Special Rapporteur for the Sub-Commission on Prevention of Discrimination and Protection of Minorities, referred to this provision as being more elaborate and specific about the victims' right to obtain reparation than any previous international human rights treaty.","وأشار ثيو فان بوفن (Theo Van Boven)، المقرر الخاص السابق للجنة الفرعية لمنع التمييز وحماية الأقليات، في إحدى ملاحظاته إلى هذا الحكم باعتباره أكثر إسهابا وتحديدا، في ما يتعلق بحق الضحايا في الحصول على جبر الضرر، من أي اتفاقية دولية سابقة لحقوق الإنسان""().",Syntactic Shift,Structural Error,Wrong Structure,أشار,في مذكرة، أشار,Major,3,0.2,Fluency,0.25,0.4375,Tier0
2005/s/2005/699/191:7,en_ar_TRANSFORMERS,والمحطــة الطرفيــة للفاكهة مجــاور للمحطــة العسكريــة فــي جزء معزول من الميناء، وهذا هو السبب في تفريغ المعدات العسكرية هناك.,"The fruit terminal is next door only to the military terminal in an isolated part of the seaport, which is the reason military-type equipment is unloaded there.",وتقع محطة تحميل الفواكه بجوار محطة التحميل العسكرية في جزء معزول من الميناء البحري وهذا هو السبب في تفريغ معدات من النوع العسكري هناك.,Syntactic Shift,Structural Error,Wrong Structure,تقع محطة تحميل الفواكه بجوار محطة التحميل العسكرية,المحطــة الطرفيــة للفاكهة مجــاور للمحطــة العسكريــة,Major,3,0.2,Fluency,0.25,0.4375,Tier0
2014/s/2014/943/35:3,en_ar_DEEP,ويمكن اعتبار هذه الممارسة بمثابة اختفاء قسري، مما يشكل انتهاكًا لالتزامات الجماعات المسلحة بموجب القانون الإنساني الدولي العرفي.,"The practice may be considered tantamount to enforced disappearance, in breach of the armed groups' obligations under customary international humanitarian law.",ويمكن اعتبار هذه الممارسة ضربا من ضروب الاختفاء القسري، وتمثل انتهاكا لالتزامات الجماعات المسلحة بموجب القانون الدولي الإنساني العرفي.,Syntactic Shift,Structural Error,Wrong Word Order,القانون الدولي الإنساني , القانون الإنساني الدولي,Major,3,0.2,Fluency,0.25,0.4375,Tier0
2012/s/2012/245/16:1,en_ar_DEEPL,2. يهيب بالحكومة السورية أن تنفذ التزاماتها تنفيذا واضحا في مجملها، على النحو الذي وافقت عليه في التفاهم الأولي وعلى النحو المنصوص عليه في القرار 2042 (2012)، وذلك من أجل (أ) وقف تحركات القوات نحو المراكز السكانية، (ب) وقف جميع استخدام الأسلحة الثقيلة في هذه المراكز، (ج) الانسحاب الكامل للحشود العسكرية في المراكز السكانية وحولها، وكذلك سحب قواتها وأسلحتها الثقيلة من المراكز السكانية إلى ثكناتها أو أماكن انتشارها المؤقت لتيسير وقف العنف بشكل مستدام;,"2. Calls upon the Syrian government to implement visibly its commitments in their entirety, as it agreed to do in the Preliminary Understanding and as stipulated in resolution 2042 (2012), to (a) cease troop movements towards population centres, (b) cease all use of heavy weapons in such centres, (c) complete pullback of military concentrations in and around population centres, as well as to withdraw its troops and heavy weapons from population centres to their barracks or temporary deployment places to facilitate a sustained cessation of violence;",2 - يدعو الحكومة السورية إلى أن تنفذ بشكل واضح كل الالتزامات التي وافقت على الوفاء بها في التفاهم الأولي وعلى نحو ما ينص عليه القرار 2042 (2012)، وهي (أ) وقف تحركات القوات نحو المراكز السكانية، (ب) وقف كل استخدام للأسلحة الثقيلة في تلك المراكز، (ج) إكمال سحب الحشود العسكرية في المراكز السكانية وحولها، وكذلك سحب قواتها وأسلحتها الثقيلة من المراكز السكانية لتعود إلى ثكناتها أو إلى مواقع نشر مؤقتة لتسهيل وقف مستمر لإطلاق النار؛,Syntactic Shift,Structural Error,Wrong Word Order,وقف كل استخدام للأسلحة,وقف جميع استخدام الأسلحة,Major,3,0.2,Fluency,0.25,0.4375,Tier0
2014/s/prst/2014/3/789:2,en_ar_DEEP,... مشددًا على أهمية التحقيق في [انتهاكات حقوق الإنسان المزعومة وانتهاكات القانون الإنساني الدولي]، بما في ذلك تلك التي حدثت طوال الأزمة، والتي ارتكبتها جميع الأطراف، بغض النظر عن وضعهم أو انتماءاتهم السياسية، والتأكيد من جديد على أن المسؤولين عن تلك الانتهاكات ويجب محاسبة مثل هذه الانتهاكات وتقديمها إلى العدالة بغض النظر عن انتماءاتهم السياسية، مع احترام حقوق المحتجزين...، وحث الحكومة على زيادة وتسريع جهودها لمكافحة الإفلات من العقاب،,"... stressing the importance of investigating [alleged human rights abuses and violations of international humanitarian law], including those that occurred throughout the ... crisis, committed by all parties, irrespective of their status or political affiliation, reaffirming that those responsible for such violations must be held accountable and brought to justice irrespective of their political affiliation, while respecting the rights of those in detention ..., urging the Government to increase and expedite its efforts to combat impunity,",وإذ يشدد على أهمية التحقيق في [الإساءات في مجال حقوق الإنسان وانتهاكات القانون الدولي الإنساني المزعوم ارتكابها من قبل جميع الأطراف]، ويشمل ذلك الانتهاكات التي وقعت أثناء الأزمة ...، وإذ يجدد التأكيد على وجوب مساءلة المسؤولين عن تلك الانتهاكات وكفالة تقديمهم إلى العدالة بصرف النظر عن انتماءاتهم السياسية، مع احترام حقوق الأشخاص المحتجزين ...، يحثّ الحكومة على زيادة وتسريع جهودها الرامية إلى مكافحة الإفلات من العقاب،,Syntactic Shift,Structural Error,Wrong Word Order,القانون الدولي الإنساني , القانون الإنساني الدولي,Major,3,0.2,Fluency,0.25,0.4375,Tier0
2005/s/2005/60/842:2,en_ar_DEEP,وكانت الانتهاكات من قبيل الهجمات المتعمدة على المدنيين، والهجمات العشوائية على المدنيين والأهداف المدنية، أو الهجمات على القرى التي تختبئ أو تؤوي المتمردين، والتي تسببت في ضرر غير متناسب للمدنيين، أو عمليات الإعدام الجماعية، فضلا عن التهجير القسري للمدنيين من منازلهم، واسعة النطاق ومنهجية وتصل إلى حد الجرائم ضد الإنسانية.,"Such violations as deliberate attacks on civilians, indiscriminate attacks on civilians and civilian objects or attacks on villages hiding or sheltering rebels, which caused disproportionate harm to civilians, or mass executions, as well as forced displacement of civilians from their homes, were widespread and systematic and amounted to crimes against humanity.",وكانت الانتهاكات من قبيل شن هجمات عن قصد على المدنيين، أو هجمات عشوائية على المدنيين وعلى أهداف مدنية، أو هجمات على القرى التي يختبئ فيها المتمردون أو تؤويهم والتي أسفرت عن إلحاق أضرار فادحة بالمدنيين، أو تنفيذ عمليات إعدام جماعي والترحيل القسري للمدنيين من مواطنهم، وهي انتهاكات ارتكبت على نطاق واسع وبشكل منهجي، وتعتبر جرائم ضد الإنسانية.,Syntactic  Shift,Syntactic Category Shift,Noun to Adjective,إعدام جماعي ,  الإعدام الجماعية,Moderate,2,0.025,Fluency,0.25,0.4375,Tier0
2011/s/2011/463/305:7,en_ar_DEEP,كما قامت كولومبيا وتشيلي وباراغواي وبيرو بإصدار تشريعات تمنح سلطات إنفاذ القانون فيها صلاحيات تحقيقية خاصة.,"Colombia, Chile, Paraguay and Peru have also enacted legislation giving their law enforcement authorities special investigative powers.",وقد سنّت باراغواي وبيرو وشيلي وكولومبيا تشريعات تمنح سلطات خاصة في مجال التحقيق للسلطات المعنية بإنفاذ القانون.,Syntactic  Shift,Syntactic Category Shift,Noun to Adjective,التحقيق,تحقيقية,Moderate,2,0.025,Fluency,0.25,0.4375,Tier0
2011/s/2011/245/51:2,en_ar_GOOGLE,الأول هو كيف يمكن للجنة أن تضمن على أفضل وجه أن تدابير الجزاءات تعزز السلام والاستقرار في أفغانستان، والثاني يتعلق باستمرار الطعون أمام المحاكم أمام تنفيذ الدول الأعضاء لهذه التدابير.,"The first is how the Committee can best ensure that the sanctions measures promote peace and stability in Afghanistan, and the second concerns continued court challenges to Member States' implementation of the measures.",وتتمثل المسألة الأولى في تحديد أفضل السبل التي يمكن للجنة من خلالها كفالة إسهام تدابير الجزاءات في تعزيز السلام والاستقرار في أفغانستان، وتتمثل المسألة الثانية في التحديات القضائية المستمرة التي تواجهها الدول الأعضاء في تنفيذ هذه التدابير.,Syntactic  Shift,Syntactic Category Shift,Adjective to Noun,المستمرة ,استمرار,Moderate,2,0.025,Fluency,0.25,0.4375,Tier0
2005/s/2005/60/563:4,en_ar_TRANSFORMERS,شن الهجوم بشكل رئيسي من قبل الجيش وقام الشعب العربي بالسرقة,The attack was conducted mainly by the military. The Arab people did the stealing.,وكانت القوات العسكرية هي التي شنت الهجوم أساسا، بينما قام العرب بأعمال السلب.,Syntactic Shift,Voice Shift,Active to Passive Voice,شنت الهجوم,شن الهجوم,Moderate,2,0.025,Style & Register,0.25,0.0525,Tier0
2005/s/2005/60/563:4,en_ar_GOOGLE,تم تنفيذ الهجوم بشكل رئيسي من قبل الجيش. الشعب العربي هو من قام بالسرقة.,The attack was conducted mainly by the military. The Arab people did the stealing.,وكانت القوات العسكرية هي التي شنت الهجوم أساسا، بينما قام العرب بأعمال السلب.,Syntactic Shift,Voice Shift,Active to Passive Voice,شنت الهجوم,تم تنفيذ الهجوم,Moderate,2,0.025,Style & Register,0.25,0.0525,Tier0
2005/s/2005/60/563:4,en_ar_DEEPL,وقد نفذ الهجوم بشكل رئيسي من قبل الجيش. وقام الشعب العربي بالسرقة.,The attack was conducted mainly by the military. The Arab people did the stealing.,وكانت القوات العسكرية هي التي شنت الهجوم أساسا، بينما قام العرب بأعمال السلب.,Syntactic Shift,Voice Shift,Active to Passive Voice,شنت الهجوم,نفذ الهجوم,Moderate,2,0.025,Style & Register,0.25,0.0525,Tier0
2002/s/2002/169/93:5,en_ar_GOOGLE,وتم نقل طائرات البعثة الأربع المتمركزة في غوما إلى كيغالي وجيسيني.,The four MONUC aircraft based at Goma were moved to Kigali and Gisenyi.,كما أن الطائرات الأربع التابعة للبعثة والموجودة في غوما، قد نُقلت إلى كيغالي وجيسيني.,Syntactic Shift,Voice Shift,Passive to Active Voice,نُقلت,تم نقل,Moderate,2,0.025,Style & Register,0.25,0.0525,Tier0
2005/s/2005/631/69:1,en_ar_DEEP,54 - تم إنشاء مقر البعثة المتكاملة لبعثة الأمم المتحدة لتحقيق الاستقرار في هايتي بالكامل في 27 حزيران/يونيه.,54. The MINUSTAH integrated Mission headquarters was fully established on 27 June.,54 - اكتمل إنشاء المقر المتكامل للبعثة في 27 حزيران/يونيه.,Syntactic Shift,Voice Shift,Passive to Active Voice,اكتمل إنشاء ,تم إنشاء,Moderate,2,0.025,Style & Register,0.25,0.0525,Tier0
2007/s/2007/677/102:2,en_ar_TRANSFORMERS,وقد اختير عدد قليل جدا لاستعراضه، وفي نهاية المطاف، بعد الانتهاء من جميع الإجراءات المبينة في المبادئ التوجيهية للجنة، بما في ذلك الجهود الرامية إلى الحصول على معلومات من الدول الأخرى ذات الصلة، انتهى الاستعراض دون إدخال أي تغييرات على القائمة.,"Very few were selected for review and ultimately, after all the procedures outlined in the Committee Guidelines had been completed, including efforts to obtain information from other relevant States, the review ended without any changes to the List.",واختير عدد قليل جدا للمراجعة، وفي نهاية الأمر، بعد إتمام كل الإجراءات المبينة في المبادئ التوجيهية للجنة، بما في ذلك الجهود الرامية إلى الحصول على معلومات من دول أخرى ذات صلة، انتهت المراجعة من دون إجراء أية تغييرات على القائمة.,Syntactic Shift,Voice Shift,Passive to Active Voice,اختير,قد تم اختيار,Moderate,2,0.025,Style & Register,0.25,0.0525,Tier0
2013/s/2013/447/22:4,en_ar_DEEPL,ينبغي للدول الامتناع عن إعاقة الجهات الفاعلة في المجال الإنساني في جهودها الرامية إلى إشراك الجماعات المسلحة من غير الدول لأغراض إنسانية، بما في ذلك القيام بأنشطة تهدف إلى تعزيز احترام القانون الإنساني الدولي.,"States should refrain from inhibiting humanitarian actors in their efforts to engage non-State armed groups for humanitarian purposes, including undertaking activities aimed at promoting respect for international humanitarian law.",وينبغي أن تمتنع الدول عن إعاقة الجهات الفاعلة في المجال الإنساني في جهودها الرامية إلى إشراك الجماعات المسلحة من غير الدول في الأغراض الإنسانية، بما في ذلك الاضطلاع بأنشطة ترمي إلى تعزيز احترام القانون الإنساني الدولي.,Pragmatic Divergence,Register Mismatch,Register Mismatch,الإضطلاع,القيام,Major,3,0.4,Style & Register,0.1,0.0525,Tier0
2005/s/2005/60/254:1,en_ar_TRANSFORMERS,121 - والجنجويد الذين يشير إليهم معظم الضحايا في النزاع الحالي هم مليشيات عربية تهاجم قرى هؤلاء الضحايا، وتركب الخيول أو الجمال، وتقتل ونهب وحرق واغتصاب.,"121. The Janjaweed to whom most victims refer in the current conflict are Arab militias that raid the villages of those victims, mounted on horses or camels, and kill, loot, burn and rape.","121 - ""الجنجويد"" الذين يشير إليهم معظم الضحايا في الصراع القائم هم مليشيات عربية تغير على قرى هؤلاء الضحايا ممتطين الخيول أو الجمال، يقتلون وينهبون ويحرقون ويغتصبون.",Pragmatic Divergence,Register Mismatch,Register Mismatch,الصراع القائم,النزاع الحالي,Major,3,0.4,Style & Register,0.1,0.0525,Tier0
2014/s/2014/935/80:2,en_ar_DEEPL,وأشار إلى أن فشل مجلس النواب اللبناني في انتخاب رئيس جديد للجمهورية قوّض استقرار لبنان وصموده منذ بداية النزاع في الجمهورية العربية السورية.,He also expressed that the failure of the Lebanese Parliament to elect a new President had undermined Lebanon's stability and its resilience since the beginning of the conflict in the Syrian Arab Republic.,وأوضح أيضا أن عدم انتخاب البرلمان اللبناني لرئيس جديد قوض استقرار لبنان وقدرته على الصمود منذ اندلاع النـزاع في الجمهورية العربية السورية.,Pragmatic Divergence,Register Mismatch,Register Mismatch,اندلاع النزاع,بداية الصراع,Major,3,0.4,Style & Register,0.1,0.0525,Tier0
2006/s/2006/822/15:3,en_ar_TRANSFORMERS,وتمكنت اللجنة من وضع سرد مفصل ودقيق لأحداث نيسان/أبريل وأيار/مايو التي أسفرت عن خسائر كبيرة في الأرواح وإصابات وأضرار واسعة النطاق في الممتلكات.,"The Commission has been able to establish a detailed and accurate narrative of the events of April and May which resulted in significant loss of life, injury and widespread property damage.",واستطاعت اللجنة إثبات سرد مفصل ودقيق لأحداث نيسان/أبريل وأيار/مايو التي أفضت إلى خسائر كبيرة في الأرواح وإلى وقوع إصابات وإلى إلحاق ضرر واسع النطاق بالممتلكات.,Pragmatic Divergence,Register Mismatch,Register Mismatch,أفضى إلى,أسفر عن,Major,3,0.4,Style & Register,0.1,0.0525,Tier0
2014/s/2014/902/70:4,en_ar_TRANSFORMERS,وأوقف النظام حوالي ٤٧ فردا يعتقد أنهم جندوا قسرا للانضمام إلى قوات النظام.,The regime arrested approximately 47 individuals who are believed to have been forcibly recruited to join the regime forces.,واعتقل النظام زهاء 47 فردا يُعتقد أنهم جُندوا قسرا في قوات النظام.,Pragmatic Divergence,Register Mismatch,Register Mismatch,زهاء,حوالي,Major,3,0.4,Style & Register,0.1,0.0525,Tier0
2006/s/2006/154/290:2,en_ar_TRANSFORMERS,وتتراوح المواقع بين المواقع التي أنشئت لتعزيز أفراد معينين، مثل شاميل باساييف في الشيشان، أو مجموعات، مثل لاشكار - إي - تاييبا في باكستان، وتلك التي تهدف إلى تبرير الإرهاب المتصل بتنظيم القاعدة بوجه عام، مثل صوت الجهاد، أو التي تقدم تدريبا إرهابيا، مثل البطتر.,"Sites range from those set up to promote particular individuals, such as Shamil Basayev in Chechnya, or groups, such as Lashkar-E-Tayyiba in Pakistan, to those that aim to justify Al-Qaida-related terrorism in general, such as Voice of Jihad, or offer terrorist training, such as Al-Battar.",وتتراوح المواقع ما بين تلك المنشأة من أجل الترويج لأفراد بعينهم مثل شامِل باساييف في الشيشان أو جماعات بعينها مثل لاشكار الطيبة في باكستان، إلى تلك التي تستهدف تبرير الإرهاب المتصل بتنظيم القاعدة بوجه عام مثل موقع صوت الجهاد، أو تلك التي تقدم التدريب الإرهابي مثل موقع البتّار.,Orthographic Shifts,Orthographic Issues,Spelling Error,البتار,البطتر,Minor,1,1.0,Fluency,0.05,0.4375,Tier0
2005/s/2005/60/540:11,en_ar_TRANSFORMERS,ثم قيل لي لاحقا ان ابي وأخي الاصغر قتلا ، كما قتل اربعة اشخاص آخرين.,I was later told that my father and younger brother had been killed. Four other people were also killed.,وأُبلغت بعدئذ أن أبي وأخي الأصغر قد قتلا. وقتل أيضا أربعة أشخاص آخرين.,Orthographic Shifts,Orthographic Issues,Spelling Error,أربعة , اربعة,Minor,1,1.0,Fluency,0.05,0.4375,Tier0
2012/s/prst/2012/23/21:2,en_ar_DEEP,ويكرر المجلس عزمه على مواصلة مكافحة الإفلات من العقاب بقوة ودعم المساءلة بالوسائل المناسبة.,The Council reiterates its intention to continue forcefully to fight impunity and uphold accountability with appropriate means.,ويؤكد المجلس من جديد عزمه على أن يواصل بقوة مكافحة الإفلات من العقاب ودعم المساءلة بالسبل المناسبة.,Pragmatic Divergence,Register Mismatch,Terminology Substitution,يؤكد المجلس,يكرر المجلس,Severe,4,0.6,Terminology,0.1,0.06,Tier0
2005/s/2005/572/141:1,en_ar_DEEP,62 - ولا تزال معظم الدول تعتمد على النظم المصممة لمكافحة الأشكال الأخرى من الجرائم المالية في التعامل مع تمويل الإرهاب.,62. Most States continue to rely on systems designed to combat other forms of financial crime to deal with the financing of terrorism.,62 - وما زالت أغلب الدول تتعامل مع تمويل الإرهاب بالاعتماد على نظم صممت لمكافحة أشكال أخرى من الجريمة المالية.,Pragmatic Divergence,Register Mismatch,Terminology Substitution,لمكافحة تمويل الإرهاب , التعامل مع تمويل الإرهاب,Severe,4,0.6,Terminology,0.1,0.06,Tier0
2009/s/2009/241/162:1,en_ar_TRANSFORMERS,ستُعقد القمة الثالثة لأمريكا الجنوبية والبلدان العربية في ليما، 2011.,"The Third South American and Arab Countries Summit will take place in Lima, 2011.",:: ستنعقد القمة الثالثة للدول العربية ودول أمريكا الجنوبية في مدينة ليما بجمهورية بيرو في النصف الأول من عام 2011.,Pragmatic Divergence,Register Mismatch,Terminology Substitution,الدول العربية , البلدان العربية,Severe,4,0.6,Terminology,0.1,0.06,Tier0
2012/s/prst/2012/22/10:3,en_ar_DEEPL,ويدعو الأمين العام للأمم المتحدة إلى مواصلة مساعيه الحميدة واستكشاف المزيد من الآليات الدبلوماسية الرفيعة المستوى، عند الاقتضاء، لتيسير تعزيز الحوار بين الأطراف المعنية، بما في ذلك بشأن الأسباب الكامنة وراء النزاع.,"It calls on the United Nations Secretary-General to continue his good offices and to explore, when appropriate, further high-level diplomatic mechanisms to facilitate enhanced dialogue between relevant parties, including on the underlying causes of the conflict.",ويهيب بالأمين العام للأمم المتحدة أن يواصل بذل مساعيه الحميدة والقيام، عند الاقتضاء، باستكشاف آليات أخرى دبلوماسية رفيعة المستوى من أجل تعزيز الحوار بين الأطراف المعنية بشأن مواضيع شتى منها الأسباب الكامنة للنزاع.,Pragmatic Divergence,Register Mismatch,Terminology Substitution,يهيب , يدعو,Severe,4,0.6,Terminology,0.1,0.06,Tier0
2005/s/2005/699/316:1,en_ar_DEEPL,103. نقلت القوات الجوية لكوت ديفوار جميع أصولها الجوية الناجية والمتضررة إلى قاعدتها الجوية في مطار أبيدجان الدولي.,103. FACI has moved all its surviving and damaged air assets to its Abidjan International Airport airbase.,103 - وقامت القوات الجوية لكوت ديفوار بنقل جميع عتادها الجوي السليم والمعطل إلى القاعدة الجوية بمطار أبيدجان الدولي.,Pragmatic Divergence,Register Mismatch,Terminology Substitution,عتادها الجوي,أصولها الجوية,Severe,4,0.6,Terminology,0.1,0.06,Tier0
