Sentence_ID,Sub-Subtype,Keyword,Best_Match,ar,mt_output,en,generation_timestamp,seed_source,source_tier,sample_id,label_id
TIER2_Partial_Translation_dcfd277b,Partial Translation,التنسيق الأمني الإقليمي,[OMITTED],وشدد مجلس الأمن على أهمية التنسيق الأمني الإقليمي لمواجهة التهديدات العابرة للحدود وتعزيز الاستقرار في المنطقة.,وشدد مجلس الأمن على أهمية مواجهة التهديدات العابرة للحدود وتعزيز الاستقرار في المنطقة.,The Security Council stressed the importance of regional security coordination to address cross-border threats and enhance stability in the region.,2026-02-03T01:09:55.544585,LLM_GENERATED,tier2,T2_0605,2
TIER2_Partial_Translation_34abbed9,Partial Translation,العمليات الإغاثية العاجلة,[OMITTED],أعربت اللجنة الدولية عن قلقها إزاء تعثر العمليات الإغاثية العاجلة بسبب سوء الأوضاع الأمنية في المنطقة.,أعربت اللجنة الدولية عن قلقها إزاء تعثر بسبب سوء الأوضاع الأمنية في المنطقة.,The International Committee expressed its concern over the delay in urgent relief operations due to the deteriorating security situation in the area.,2026-02-03T01:09:57.782176,LLM_GENERATED,tier2,T2_0606,2
TIER2_Partial_Translation_fee03a0e,Partial Translation,إدارة الأزمة,[OMITTED],أشار التقرير إلى أهمية إدارة الأزمة بشكل فعال لضمان تقديم المساعدات الإنسانية للضحايا في المناطق المتضررة.,أشار التقرير إلى أهمية بشكل فعال لضمان تقديم المساعدات الإنسانية للضحايا في المناطق المتضررة.,The report highlighted the importance of effective crisis management to ensure the delivery of humanitarian aid to victims in affected areas.,2026-02-03T01:10:07.602918,LLM_GENERATED,tier2,T2_0611,2
TIER2_Partial_Translation_fb8ffa36,Partial Translation,جريمة الإرهاب عبر الإنترنت,[OMITTED],حثت اللجنة الدولية الدول الأعضاء على تعزيز التعاون لمكافحة جريمة الإرهاب عبر الإنترنت وتأمين البنية التحتية الرقمية.,حثت اللجنة الدولية الدول الأعضاء على تعزيز التعاون لمكافحة وتأمين البنية التحتية الرقمية.,The International Committee urged member states to enhance cooperation to combat cyber terrorism and secure digital infrastructure.,2026-02-03T01:10:16.881373,LLM_GENERATED,tier2,T2_0614,2
TIER2_Partial_Translation_3c15cf85,Partial Translation,الانتخابات البرلمانية,[OMITTED],أعلن المجلس عن إجراء الانتخابات البرلمانية في نهاية العام لتعزيز الديمقراطية والحوكمة الرشيدة في البلاد.,أعلن المجلس عن إجراء في نهاية العام لتعزيز الديمقراطية والحوكمة الرشيدة في البلاد.,The council announced the holding of parliamentary elections at the end of the year to enhance democracy and good governance in the country.,2026-02-03T01:10:18.980268,LLM_GENERATED,tier2,T2_0615,2
TIER2_Partial_Translation_79b1cff3,Partial Translation,الاستجابة الدولية الفعالة,[OMITTED],أعلن الأمين العام عن ضرورة تعزيز الاستجابة الدولية الفعالة للأزمات الإنسانية المتزايدة نتيجة النزاعات.,أعلن الأمين العام عن ضرورة تعزيز للأزمات الإنسانية المتزايدة نتيجة النزاعات.,The Secretary-General announced the need to enhance an effective international response to the increasing humanitarian crises resulting from conflicts.,2026-02-03T01:10:22.010605,LLM_GENERATED,tier2,T2_0616,2
TIER2_Partial_Translation_63b9a5d0,Partial Translation,التدابير القانونية اللازمة,[OMITTED],اعتمد المجلس قرارا يدعو الدول الأعضاء إلى اتخاذ التدابير القانونية اللازمة لتعزيز التعاون الدولي في مكافحة الفساد.,اعتمد المجلس قرارا يدعو الدول الأعضاء إلى اتخاذ لتعزيز التعاون الدولي في مكافحة الفساد.,The council adopted a resolution urging member states to take the necessary legal measures to enhance international cooperation in combating corruption.,2026-02-03T01:10:26.688855,LLM_GENERATED,tier2,T2_0617,2
TIER2_Partial_Translation_306ac7ac,Partial Translation,مستشار البعثة الدبلوماسية,[OMITTED],لاحظ مستشار البعثة الدبلوماسية أهمية تحسين العلاقات الثنائية بين الدول لتحقيق السلام المستدام.,لاحظ أهمية تحسين العلاقات الثنائية بين الدول لتحقيق السلام المستدام.,The diplomatic mission advisor noted the importance of improving bilateral relations between countries to achieve sustainable peace.,2026-02-03T01:10:28.301654,LLM_GENERATED,tier2,T2_0618,2
TIER2_Partial_Translation_9a2a38f3,Partial Translation,التدابير الرقابية الشاملة,[OMITTED],أيد المجلس التدابير الرقابية الشاملة لضمان الامتثال لقرارات الحظر المفروضة على الدول المعنية.,أيد المجلس لضمان الامتثال لقرارات الحظر المفروضة على الدول المعنية.,The council endorsed the comprehensive control measures to ensure compliance with the imposed sanctions on the concerned states.,2026-02-03T01:10:30.778743,LLM_GENERATED,tier2,T2_0619,2
TIER2_Partial_Translation_061903c3,Partial Translation,الأمانة العامة للأمم المتحدة,[OMITTED],واستذكر المجلس دور الأمانة العامة للأمم المتحدة في تقديم المساعدات الإنسانية للاجئين في المناطق المتأثرة بالنزاعات.,واستذكر المجلس دور في تقديم المساعدات الإنسانية للاجئين في المناطق المتأثرة بالنزاعات.,The council recalled the role of the UN Secretariat in providing humanitarian aid to refugees in conflict-affected areas.,2026-02-03T01:10:35.397261,LLM_GENERATED,tier2,T2_0621,2
TIER2_Partial_Translation_deb35c0c,Partial Translation,التعاون الدولي الشامل,[OMITTED],يؤكد المجلس على أهمية التعاون الدولي الشامل لتحقيق السلام والاستقرار في المنطقة.,يؤكد المجلس على أهمية لتحقيق السلام والاستقرار في المنطقة.,The Council emphasizes the importance of comprehensive international cooperation to achieve peace and stability in the region.,2026-02-03T01:10:38.629009,LLM_GENERATED,tier2,T2_0623,2
TIER2_Partial_Translation_e73db4f9,Partial Translation,مكتب شؤون الأمن الدولي,[OMITTED],تحث الجمعية الدول الأعضاء على التعاون مع مكتب شؤون الأمن الدولي لتعزيز السلام والاستقرار في المنطقة.,تحث الجمعية الدول الأعضاء على التعاون لتعزيز السلام والاستقرار في المنطقة.,The Assembly urges Member States to cooperate with the Office of International Security Affairs to enhance peace and stability in the region.,2026-02-03T01:10:43.424813,LLM_GENERATED,tier2,T2_0625,2
TIER2_Partial_Translation_b7d9ea35,Partial Translation,الإجراءات الدبلوماسية اللازمة,[OMITTED],يقرر أن تتخذ الدول الأعضاء الإجراءات الدبلوماسية اللازمة لتعزيز التعاون في المفاوضات الدولية.,يقرر أن تتخذ الدول الأعضاء لتعزيز التعاون في المفاوضات الدولية.,It is decided that Member States shall undertake the necessary diplomatic measures to enhance cooperation in international negotiations.,2026-02-03T01:10:53.349481,LLM_GENERATED,tier2,T2_0628,2
TIER2_Partial_Translation_52ef1726,Partial Translation,الأنشطة العسكرية في المنطقة,[OMITTED],تؤكد اللجنة على الحاجة إلى مراقبة الأنشطة العسكرية في المنطقة لضمان الاستقرار والسلام.,تؤكد اللجنة على الحاجة إلى مراقبة لضمان الاستقرار والسلام.,The committee emphasizes the need to monitor military activities in the region to ensure stability and peace.,2026-02-03T01:10:54.995982,LLM_GENERATED,tier2,T2_0629,2
TIER2_Partial_Translation_74de4181,Partial Translation,العملية الدبلوماسية الشاملة,[OMITTED],قرر المجلس دعم العملية الدبلوماسية الشاملة لتعزيز الاستقرار في المنطقة.,قرر المجلس دعم لتعزيز الاستقرار في المنطقة.,The council decided to support the comprehensive diplomatic process to enhance stability in the region.,2026-02-03T01:11:03.353372,LLM_GENERATED,tier2,T2_0633,2
TIER2_Partial_Translation_79442ed2,Partial Translation,الخطة الاستراتيجية الشاملة,[OMITTED],دعا المجلس إلى تنفيذ الخطة الاستراتيجية الشاملة لتعزيز الأمن والاستقرار في المنطقة.,دعا المجلس إلى تنفيذ لتعزيز الأمن والاستقرار في المنطقة.,The Council called for the implementation of the comprehensive strategic plan to enhance security and stability in the region.,2026-02-03T01:11:04.995582,LLM_GENERATED,tier2,T2_0634,2
TIER2_Partial_Translation_50f570c2,Partial Translation,الاتفاقية الدولية لحماية البيئة,[OMITTED],أشار الأمين العام إلى أهمية الاتفاقية الدولية لحماية البيئة في تعزيز الاستقرار البيئي العالمي.,أشار الأمين العام إلى أهمية في تعزيز الاستقرار البيئي العالمي.,The Secretary-General highlighted the importance of the international agreement for environmental protection in enhancing global environmental stability.,2026-02-03T01:11:06.636038,LLM_GENERATED,tier2,T2_0635,2
TIER2_Partial_Translation_9ce0b258,Partial Translation,الأنشطة الإنسانية في المناطق المتضررة,[OMITTED],ناشدت اللجنة الدولية للصليب الأحمر تعزيز الأنشطة الإنسانية في المناطق المتضررة لضمان الحماية وحقوق الإنسان.,ناشدت اللجنة الدولية للصليب الأحمر تعزيز لضمان الحماية وحقوق الإنسان.,The International Committee of the Red Cross urged the enhancement of humanitarian activities in affected areas to ensure protection and human rights.,2026-02-03T01:11:08.329417,LLM_GENERATED,tier2,T2_0636,2
TIER2_Partial_Translation_ca733eca,Partial Translation,الاتفاقيات الدولية الخاصة بالوساطة,[OMITTED],حث الأمين العام الدول الأعضاء على مراعاة الاتفاقيات الدولية الخاصة بالوساطة لتعزيز الحوار والتعاون السلمي.,حث الأمين العام الدول الأعضاء على مراعاة لتعزيز الحوار والتعاون السلمي.,The Secretary-General urged member states to consider international mediation agreements to enhance dialogue and peaceful cooperation.,2026-02-03T01:11:11.973991,LLM_GENERATED,tier2,T2_0638,2
TIER2_Partial_Translation_fe2bf7c2,Partial Translation,الاستراتيجيات العسكرية المتقدمة,[OMITTED],أعلن الأمين العام عن أهمية تنفيذ الاستراتيجيات العسكرية المتقدمة في المناطق المتأثرة بالنزاعات لتعزيز الأمن والاستقرار.,أعلن الأمين العام عن أهمية تنفيذ في المناطق المتأثرة بالنزاعات لتعزيز الأمن والاستقرار.,The Secretary-General announced the importance of implementing advanced military strategies in conflict-affected areas to enhance security and stability.,2026-02-03T01:11:13.726773,LLM_GENERATED,tier2,T2_0639,2
TIER2_Partial_Translation_291b6133,Partial Translation,المساعدات الإنسانية العاجلة,[OMITTED],أوصى المجلس بتقديم المساعدات الإنسانية العاجلة للمدنيين في المناطق المتضررة جراء النزاعات المسلحة.,أوصى المجلس بتقديم للمدنيين في المناطق المتضررة جراء النزاعات المسلحة.,The council recommended providing urgent humanitarian assistance to civilians in areas affected by armed conflicts.,2026-02-03T01:11:17.602830,LLM_GENERATED,tier2,T2_0641,2
TIER2_Partial_Translation_8ffe9e70,Partial Translation,البروتوكول الإضافي لمعاهدة الأسلحة,[OMITTED],اعتمدت الدول الأعضاء في الأمم المتحدة البروتوكول الإضافي لمعاهدة الأسلحة لضمان الشفافية والمساءلة الدولية.,اعتمدت الدول الأعضاء في الأمم المتحدة لضمان الشفافية والمساءلة الدولية.,The member states of the United Nations adopted the additional protocol to the Arms Treaty to ensure international transparency and accountability.,2026-02-03T01:11:20.374663,LLM_GENERATED,tier2,T2_0642,2
TIER2_Partial_Translation_ef3bec52,Partial Translation,الديمقراطية الشاملة,[OMITTED],أيدت الجمعية العامة تعزيز الديمقراطية الشاملة كوسيلة لتحقيق التنمية المستدامة والسلام العالمي.,أيدت الجمعية العامة تعزيز كوسيلة لتحقيق التنمية المستدامة والسلام العالمي.,The General Assembly endorsed the promotion of inclusive democracy as a means to achieve sustainable development and global peace.,2026-02-03T01:11:28.155698,LLM_GENERATED,tier2,T2_0645,2
TIER2_Partial_Translation_029b01bb,Partial Translation,التدابير الأمنية المشددة في المناطق الساخنة,[OMITTED],يدعو الأمين العام إلى تطبيق التدابير الأمنية المشددة في المناطق الساخنة لضمان حماية المدنيين وتجنب الأعمال الإرهابية.,يدعو الأمين العام إلى تطبيق لضمان حماية المدنيين وتجنب الأعمال الإرهابية.,The Secretary-General calls for the implementation of strict security measures in hot zones to ensure the protection of civilians and prevent terrorist acts.,2026-02-03T01:11:38.621900,LLM_GENERATED,tier2,T2_0649,2
TIER2_Partial_Translation_c1eed50f,Partial Translation,المعاهدة الدولية لحماية حقوق العمال,[OMITTED],يقرر أن المعاهدة الدولية لحماية حقوق العمال ستدخل حيز التنفيذ في عام 2024 بعد التصديق عليها من قبل الدول الأعضاء.,يقرر أن ستدخل حيز التنفيذ في عام 2024 بعد التصديق عليها من قبل الدول الأعضاء.,It is decided that the International Treaty for the Protection of Workers' Rights will enter into force in 2024 after ratification by member states.,2026-02-03T01:11:46.945515,LLM_GENERATED,tier2,T2_0652,2
TIER2_Partial_Translation_89e5e7c1,Partial Translation,تبادل المعلومات الاستخباراتية,[OMITTED],يرحب المجلس بالجهود المستمرة في تبادل المعلومات الاستخباراتية بين الدول لتعزيز التعاون في مكافحة الإرهاب.,يرحب المجلس بالجهود المستمرة بين الدول لتعزيز التعاون في مكافحة الإرهاب.,The council welcomes the ongoing efforts in the exchange of intelligence information between states to enhance cooperation in combating terrorism.,2026-02-03T01:12:04.082806,LLM_GENERATED,tier2,T2_0658,2
TIER2_Partial_Translation_54db089b,Partial Translation,القوات متعددة الجنسيات,[OMITTED],قرر مجلس الأمن نشر القوات متعددة الجنسيات في المنطقة لتعزيز عملية حفظ السلام ودعم الاستقرار.,قرر مجلس الأمن نشر في المنطقة لتعزيز عملية حفظ السلام ودعم الاستقرار.,The Security Council decided to deploy multinational forces in the region to enhance the peacekeeping process and support stability.,2026-02-03T01:12:06.601235,LLM_GENERATED,tier2,T2_0659,2
TIER2_Partial_Translation_60602009,Partial Translation,العمليات العسكرية المشتركة,[OMITTED],أعلن المتحدث باسم الحكومة عن بدء العمليات العسكرية المشتركة لضمان الأمن والاستقرار في المنطقة.,أعلن المتحدث باسم الحكومة عن بدء لضمان الأمن والاستقرار في المنطقة.,The government spokesperson announced the commencement of joint military operations to ensure security and stability in the region.,2026-02-03T01:12:19.179105,LLM_GENERATED,tier2,T2_0664,2
TIER2_Partial_Translation_ea75ad1e,Partial Translation,الأطراف المعنية في النزاع,[OMITTED],أكدت اللجنة أهمية الحوار بين الأطراف المعنية في النزاع لتجنب التصعيد والحفاظ على السلام.,أكدت اللجنة أهمية الحوار لتجنب التصعيد والحفاظ على السلام.,The committee emphasized the importance of dialogue among the parties involved in the conflict to prevent escalation and maintain peace.,2026-02-03T01:12:25.807342,LLM_GENERATED,tier2,T2_0667,2
TIER2_Partial_Translation_8e015e97,Partial Translation,المادة 12,[OMITTED],وتؤكد اللجنة أهمية تطبيق المادة 12 من الاتفاقية لضمان حماية حقوق الإنسان في النزاعات المسلحة.,وتؤكد اللجنة أهمية تطبيق من الاتفاقية لضمان حماية حقوق الإنسان في النزاعات المسلحة.,The committee emphasizes the importance of applying Article 12 of the convention to ensure the protection of human rights in armed conflicts.,2026-02-03T01:12:36.769812,LLM_GENERATED,tier2,T2_0672,2
TIER2_Partial_Translation_a7b19e0d,Partial Translation,الأسلحة الكيميائية,[OMITTED],يدعو الأمين العام إلى اتخاذ تدابير صارمة لمنع استخدام الأسلحة الكيميائية في النزاعات المسلحة.,يدعو الأمين العام إلى اتخاذ تدابير صارمة لمنع استخدام في النزاعات المسلحة.,The Secretary-General calls for strict measures to prevent the use of chemical weapons in armed conflicts.,2026-02-03T01:12:43.309845,LLM_GENERATED,tier2,T2_0674,2
TIER2_Partial_Translation_88261652,Partial Translation,الاستجابة المتكاملة للصراعات,[OMITTED],يدعو الأمين العام الدول الأعضاء إلى تعزيز الاستجابة المتكاملة للصراعات لضمان السلام والتنمية المستدامة.,يدعو الأمين العام الدول الأعضاء إلى تعزيز لضمان السلام والتنمية المستدامة.,The Secretary-General calls upon Member States to enhance integrated responses to conflicts to ensure peace and sustainable development.,2026-02-03T01:12:47.932604,LLM_GENERATED,tier2,T2_0675,2
TIER2_Partial_Translation_86c6964e,Partial Translation,المعاهدة الدولية لحقوق المرأة,[OMITTED],يطلب إلى الدول الأعضاء الالتزام ببنود المعاهدة الدولية لحقوق المرأة وتعزيز التدابير القانونية لحمايتها.,يطلب إلى الدول الأعضاء الالتزام ببنود وتعزيز التدابير القانونية لحمايتها.,It requests member states to adhere to the provisions of the international treaty on women's rights and enhance legal measures for its protection.,2026-02-03T01:12:53.001537,LLM_GENERATED,tier2,T2_0677,2
TIER2_Partial_Translation_f58e71d9,Partial Translation,التقرير السنوي للجنة المراقبة,[OMITTED],يطلب إلى الأمين العام تقديم التقرير السنوي للجنة المراقبة إلى المجلس في أقرب وقت ممكن.,يطلب إلى الأمين العام تقديم إلى المجلس في أقرب وقت ممكن.,The Secretary-General is requested to submit the annual report of the Monitoring Committee to the Council as soon as possible.,2026-02-03T01:12:55.138746,LLM_GENERATED,tier2,T2_0678,2
TIER2_Partial_Translation_69c472ae,Partial Translation,التحولات الديمقراطية الشاملة,[OMITTED],وشدد الأمين العام على أهمية دعم التحولات الديمقراطية الشاملة في الدول الخارجة من النزاعات لضمان استقرار مستدام.,وشدد الأمين العام على أهمية دعم في الدول الخارجة من النزاعات لضمان استقرار مستدام.,The Secretary-General emphasized the importance of supporting comprehensive democratic transitions in post-conflict countries to ensure sustainable stability.,2026-02-03T01:13:06.443992,LLM_GENERATED,tier2,T2_0680,2
TIER2_Partial_Translation_f3f23234,Partial Translation,التجهيزات الأمنية,[OMITTED],أعلن المجلس عن تعزيز التجهيزات الأمنية في المناطق الحدودية لضمان سلامة المدنيين في ظل الظروف الحالية.,أعلن المجلس عن تعزيز في المناطق الحدودية لضمان سلامة المدنيين في ظل الظروف الحالية.,The council announced the enhancement of security arrangements in border areas to ensure the safety of civilians under the current circumstances.,2026-02-03T01:13:28.872793,LLM_GENERATED,tier2,T2_0689,2
TIER2_Partial_Translation_0c0b03d9,Partial Translation,التدابير الأمنية المعززة,[OMITTED],وأعاد مجلس الأمن دعوته إلى اتخاذ التدابير الأمنية المعززة لحماية المدنيين في مناطق النزاع.,وأعاد مجلس الأمن دعوته إلى اتخاذ لحماية المدنيين في مناطق النزاع.,The Security Council reiterated its call for enhanced security measures to protect civilians in conflict zones.,2026-02-03T01:13:39.920717,LLM_GENERATED,tier2,T2_0694,2
TIER2_Partial_Translation_fc0d2037,Partial Translation,مبادرة السلام الإقليمية,[OMITTED],أيد مجلس الأمن مبادرة السلام الإقليمية لتعزيز الأمن والاستقرار في المنطقة.,أيد مجلس الأمن لتعزيز الأمن والاستقرار في المنطقة.,The Security Council endorsed the regional peace initiative to promote security and stability in the region.,2026-02-03T01:13:41.414821,LLM_GENERATED,tier2,T2_0695,2
TIER2_Partial_Translation_a675fdfa,Partial Translation,المساعدات الإنسانية الدولية,[OMITTED],واستذكر الأمين العام أهمية المساعدات الإنسانية الدولية في دعم اللاجئين والمجتمعات المتضررة من النزاعات.,واستذكر الأمين العام أهمية دعم اللاجئين والمجتمعات المتضررة من النزاعات.,The Secretary-General recalled the importance of international humanitarian assistance in supporting refugees and communities affected by conflicts.,2026-02-03T01:13:43.393731,LLM_GENERATED,tier2,T2_0696,2
TIER2_Partial_Translation_651a09e7,Partial Translation,تطوير العلاقات الثنائية,[OMITTED],تؤكد اللجنة على أهمية تطوير العلاقات الثنائية بين الدول لتعزيز التعاون في المجالات الدبلوماسية والاقتصادية.,تؤكد اللجنة على أهمية بين الدول لتعزيز التعاون في المجالات الدبلوماسية والاقتصادية.,The committee emphasizes the importance of developing bilateral relations between countries to enhance cooperation in diplomatic and economic fields.,2026-02-03T01:13:49.983224,LLM_GENERATED,tier2,T2_0698,2
TIER2_Partial_Translation_586e9b32,Partial Translation,التعاون الأمني الدولي,[OMITTED],يدعو الأمين العام الدول الأعضاء إلى تعزيز التعاون الأمني الدولي لمكافحة الأنشطة الإرهابية على مستوى العالم.,يدعو الأمين العام الدول الأعضاء إلى تعزيز لمكافحة الأنشطة الإرهابية على مستوى العالم.,The Secretary-General calls on Member States to strengthen international security cooperation to combat terrorist activities globally.,2026-02-03T01:13:51.523654,LLM_GENERATED,tier2,T2_0699,2
TIER2_Partial_Translation_0d863511,Partial Translation,الإجراءات القانونية المعمول بها,[OMITTED],يؤكد المجلس على أهمية الالتزام بالإجراءات القانونية المعمول بها لضمان الأمن والاستقرار في المنطقة.,يؤكد المجلس على أهمية الالتزام لضمان الأمن والاستقرار في المنطقة.,The Council emphasizes the importance of adhering to the applicable legal procedures to ensure security and stability in the region.,2026-02-03T01:13:54.267849,LLM_GENERATED,tier2,T2_0700,2
TIER2_Partial_Translation_e736143c,Partial Translation,المساعدات الدولية المقدمة للاجئين,[OMITTED],تحث الجمعية المجتمع الدولي على زيادة المساعدات الدولية المقدمة للاجئين لضمان حماية حقوق الإنسان الأساسية لهم.,تحث الجمعية المجتمع الدولي على زيادة لضمان حماية حقوق الإنسان الأساسية لهم.,The assembly urges the international community to increase international aid provided to refugees to ensure the protection of their basic human rights.,2026-02-03T01:14:01.054979,LLM_GENERATED,tier2,T2_0701,2
TIER2_Partial_Translation_962c4791,Partial Translation,التحكيم الدولي في المنازعات التجارية,[OMITTED],يطلب إلى الدول الأعضاء تعزيز التحكيم الدولي في المنازعات التجارية لضمان حلول قانونية فعالة وعادلة.,يطلب إلى الدول الأعضاء تعزيز لضمان حلول قانونية فعالة وعادلة.,Requests member states to strengthen international arbitration in commercial disputes to ensure effective and fair legal solutions.,2026-02-03T01:14:03.377141,LLM_GENERATED,tier2,T2_0702,2
TIER2_Partial_Translation_a3fd2f71,Partial Translation,التعاون الدولي في مجال البيئة,[OMITTED],يقرر أن يعزز التعاون الدولي في مجال البيئة من خلال تبادل المعلومات والخبرات بين الدول الأعضاء.,يقرر أن يعزز من خلال تبادل المعلومات والخبرات بين الدول الأعضاء.,It is decided to enhance international cooperation in the field of environment through the exchange of information and experiences among member states.,2026-02-03T01:14:06.024365,LLM_GENERATED,tier2,T2_0703,2
TIER2_Partial_Translation_9c189851,Partial Translation,السيادة الوطنية,[OMITTED],وأعرب الأمين العام عن أهمية الحفاظ على السيادة الوطنية في ظل التحديات الإقليمية المتزايدة.,وأعرب الأمين العام عن أهمية الحفاظ على في ظل التحديات الإقليمية المتزايدة.,The Secretary-General expressed the importance of preserving national sovereignty amidst increasing regional challenges.,2026-02-03T01:14:11.733731,LLM_GENERATED,tier2,T2_0705,2
TIER2_Partial_Translation_6aa0c3f7,Partial Translation,الأحكام القضائية النهائية,[OMITTED],طالب المجلس بتنفيذ الأحكام القضائية النهائية المتعلقة بانتهاكات حقوق الإنسان دون تأخير لضمان العدالة.,طالب المجلس بتنفيذ المتعلقة بانتهاكات حقوق الإنسان دون تأخير لضمان العدالة.,The Council requested the execution of final judicial rulings related to human rights violations without delay to ensure justice.,2026-02-03T01:14:17.029130,LLM_GENERATED,tier2,T2_0707,2
TIER2_Partial_Translation_6446a94d,Partial Translation,الأدلة الجنائية,[OMITTED],قرر المجلس تعزيز التعاون بين الدول في مجال الأدلة الجنائية لضمان محاكمة عادلة للمشتبه بهم في القضايا الأمنية.,قرر المجلس تعزيز التعاون بين الدول في مجال لضمان محاكمة عادلة للمشتبه بهم في القضايا الأمنية.,The council decided to enhance cooperation between states in the field of forensic evidence to ensure a fair trial for suspects in security cases.,2026-02-03T01:14:22.918268,LLM_GENERATED,tier2,T2_0709,2
TIER2_Partial_Translation_bea9f665,Partial Translation,البروتوكول الإضافي للمعاهدة,[OMITTED],أشار التقرير إلى أهمية البروتوكول الإضافي للمعاهدة في تعزيز التعاون الدولي لمواجهة التحديات الأمنية المشتركة.,أشار التقرير إلى أهمية المعاهدة في تعزيز التعاون الدولي لمواجهة التحديات الأمنية المشتركة.,The report highlighted the importance of the additional protocol to the treaty in enhancing international cooperation to address common security challenges.,2026-02-03T01:14:29.900214,LLM_GENERATED,tier2,T2_0712,2
TIER2_Partial_Translation_cdb25c15,Partial Translation,مندوب الأمين العام الخاص,[OMITTED],حث مندوب الأمين العام الخاص جميع الأطراف على الالتزام باتفاق وقف إطلاق النار وتعزيز الحوار السياسي.,حث جميع الأطراف على الالتزام باتفاق وقف إطلاق النار وتعزيز الحوار السياسي.,The Special Representative of the Secretary-General urged all parties to adhere to the ceasefire agreement and strengthen political dialogue.,2026-02-03T01:14:32.205696,LLM_GENERATED,tier2,T2_0713,2
TIER2_Partial_Translation_3c491c40,Partial Translation,التحقيقات العسكرية الدولية,[OMITTED],رحب مجلس الأمن بالتعاون الوثيق بين الدول الأعضاء في التحقيقات العسكرية الدولية لمكافحة الإرهاب والجريمة المنظمة.,رحب مجلس الأمن بالتعاون الوثيق بين الدول الأعضاء لمكافحة الإرهاب والجريمة المنظمة.,The Security Council welcomed the close cooperation among member states in international military investigations to combat terrorism and organized crime.,2026-02-03T01:14:36.238508,LLM_GENERATED,tier2,T2_0714,2
TIER2_Partial_Translation_812ad9b4,Partial Translation,التعاون الإقليمي الفعال,[OMITTED],أوصى التقرير بضرورة تعزيز التعاون الإقليمي الفعال لتعزيز السلام والحوكمة الديمقراطية في المنطقة.,أوصى التقرير بضرورة تعزيز لتعزيز السلام والحوكمة الديمقراطية في المنطقة.,The report recommended the necessity of enhancing effective regional cooperation to promote peace and democratic governance in the region.,2026-02-03T01:14:38.759108,LLM_GENERATED,tier2,T2_0715,2
TIER2_Partial_Translation_f3365723,Partial Translation,التحديات المستمرة التي تواجه اللاجئين,[OMITTED],أوصى التقرير بضرورة التركيز على التحديات المستمرة التي تواجه اللاجئين في سياق تقديم المساعدات الإنسانية.,أوصى التقرير بضرورة التركيز على تقديم المساعدات الإنسانية.,The report recommended focusing on the ongoing challenges facing refugees in the context of providing humanitarian aid.,2026-02-03T01:14:40.808027,LLM_GENERATED,tier2,T2_0716,2
TIER2_Partial_Translation_ea0e9741,Partial Translation,الإجراءات القانونية الدولية,[OMITTED],لاحظ التقرير أن الإجراءات القانونية الدولية ضرورية لضمان محاسبة المسؤولين عن ارتكاب الجرائم ضد المدنيين.,لاحظ التقرير أن ضرورية لضمان محاسبة المسؤولين عن ارتكاب الجرائم ضد المدنيين.,The report noted that international legal procedures are essential to ensure accountability for those responsible for crimes against civilians.,2026-02-03T01:14:44.108265,LLM_GENERATED,tier2,T2_0717,2
TIER2_Partial_Translation_75560b8d,Partial Translation,الاستجابة الإنسانية العاجلة,[OMITTED],واستذكر المجلس ضرورة توفير الاستجابة الإنسانية العاجلة للنازحين واللاجئين في المناطق المتضررة من النزاعات.,واستذكر المجلس ضرورة توفير للنازحين واللاجئين في المناطق المتضررة من النزاعات.,The Council recalled the necessity of providing urgent humanitarian response to the displaced and refugees in conflict-affected areas.,2026-02-03T01:14:55.093672,LLM_GENERATED,tier2,T2_0721,2
TIER2_Partial_Translation_2cd15937,Partial Translation,القانون الدولي لحقوق الإنسان,[OMITTED],تؤكد اللجنة على أهمية القانون الدولي لحقوق الإنسان في حماية الأفراد وضمان حقوقهم الأساسية في جميع أنحاء العالم.,تؤكد اللجنة على أهمية في حماية الأفراد وضمان حقوقهم الأساسية في جميع أنحاء العالم.,The committee emphasizes the importance of international human rights law in protecting individuals and ensuring their fundamental rights worldwide.,2026-02-03T01:14:57.065958,LLM_GENERATED,tier2,T2_0722,2
TIER2_Partial_Translation_90278fee,Partial Translation,الاجتماعات الدبلوماسية رفيعة المستوى,[OMITTED],يؤكد المجلس أهمية الاجتماعات الدبلوماسية رفيعة المستوى في تعزيز العلاقات الدولية والسلام العالمي.,يؤكد المجلس أهمية في تعزيز العلاقات الدولية والسلام العالمي.,The Council emphasizes the importance of high-level diplomatic meetings in strengthening international relations and global peace.,2026-02-03T01:14:59.167661,LLM_GENERATED,tier2,T2_0723,2
TIER2_Partial_Translation_fa56e7e2,Partial Translation,برنامج المراقبة الجوية,[OMITTED],يدعو الأمين العام الدول الأعضاء إلى تعزيز برنامج المراقبة الجوية لدعم عمليات حفظ السلام في المناطق المتضررة.,يدعو الأمين العام الدول الأعضاء إلى تعزيز لدعم عمليات حفظ السلام في المناطق المتضررة.,The Secretary-General calls on Member States to enhance the air surveillance program to support peacekeeping operations in affected areas.,2026-02-03T01:15:03.907695,LLM_GENERATED,tier2,T2_0724,2
TIER2_Partial_Translation_ecf079e1,Partial Translation,الاجتماع الوزاري الثالث,[OMITTED],تحث الجمعية العامة الدول الأعضاء على المشاركة الفعالة في الاجتماع الوزاري الثالث لتعزيز الاستقرار الإقليمي.,تحث الجمعية العامة الدول الأعضاء على المشاركة الفعالة لتعزيز الاستقرار الإقليمي.,The General Assembly urges member states to actively participate in the third ministerial meeting to enhance regional stability.,2026-02-03T01:15:05.521780,LLM_GENERATED,tier2,T2_0725,2
TIER2_Partial_Translation_6d0230e5,Partial Translation,البرامج الإنسانية الشاملة,[OMITTED],يطلب إلى الدول الأعضاء تعزيز البرامج الإنسانية الشاملة لدعم اللاجئين في المناطق المتضررة من النزاعات.,يطلب إلى الدول الأعضاء تعزيز لدعم اللاجئين في المناطق المتضررة من النزاعات.,Requests member states to enhance comprehensive humanitarian programs to support refugees in conflict-affected areas.,2026-02-03T01:15:10.347476,LLM_GENERATED,tier2,T2_0726,2
TIER2_Partial_Translation_97138cf3,Partial Translation,مبدأ السيادة الوطنية,[OMITTED],يقرر أن احترام مبدأ السيادة الوطنية يجب أن يكون في صلب المفاوضات حول المعاهدة الجديدة المقترحة.,يقرر أن احترام يجب أن يكون في صلب المفاوضات حول المعاهدة الجديدة المقترحة.,Decides that respect for the principle of national sovereignty must be at the heart of negotiations on the proposed new treaty.,2026-02-03T01:15:15.105876,LLM_GENERATED,tier2,T2_0727,2
TIER2_Partial_Translation_ef4b542a,Partial Translation,الآليات الدبلوماسية المتعددة الأطراف,[OMITTED],يقرر أن يتم تعزيز الآليات الدبلوماسية المتعددة الأطراف لتعزيز التعاون الدولي في مجال الأمن الإقليمي.,يقرر أن يتم تعزيز لتعزيز التعاون الدولي في مجال الأمن الإقليمي.,Decides to strengthen multilateral diplomatic mechanisms to enhance international cooperation in the field of regional security.,2026-02-03T01:15:17.033754,LLM_GENERATED,tier2,T2_0728,2
TIER2_Partial_Translation_3644fa95,Partial Translation,الإجراءات العسكرية الفعالة,[OMITTED],يدعو مجلس الأمن إلى تعزيز الإجراءات العسكرية الفعالة لمواجهة التهديدات الأمنية المتزايدة في المنطقة.,يدعو مجلس الأمن إلى تعزيز لمواجهة التهديدات الأمنية المتزايدة في المنطقة.,The Security Council calls for strengthening effective military measures to address the increasing security threats in the region.,2026-02-03T01:15:19.461316,LLM_GENERATED,tier2,T2_0729,2
TIER2_Partial_Translation_0131c567,Partial Translation,الضمانات القانونية للمعتقلين,[OMITTED],يرحب التقرير بالجهود المبذولة لتعزيز الضمانات القانونية للمعتقلين في السجون لضمان حقوقهم الأساسية.,يرحب التقرير بالجهود المبذولة لتعزيز في السجون لضمان حقوقهم الأساسية.,The report welcomes efforts to strengthen legal safeguards for detainees in prisons to ensure their fundamental rights.,2026-02-03T01:15:29.487453,LLM_GENERATED,tier2,T2_0732,2
TIER2_Partial_Translation_e25e114b,Partial Translation,اللجنة الدبلوماسية المشتركة,[OMITTED],قرر المجلس الاستشاري تشكيل اللجنة الدبلوماسية المشتركة لتعزيز التعاون بين الدول الأعضاء في مجال العلاقات الدولية.,قرر المجلس الاستشاري تشكيل لتعزيز التعاون بين الدول الأعضاء في مجال العلاقات الدولية.,The Advisory Council decided to form the Joint Diplomatic Committee to enhance cooperation among member states in the field of international relations.,2026-02-03T01:15:31.485990,LLM_GENERATED,tier2,T2_0733,2
TIER2_Partial_Translation_2eb0fa0f,Partial Translation,تدابير مكافحة الأسلحة غير التقليدية,[OMITTED],دعا مجلس الأمن إلى تعزيز تدابير مكافحة الأسلحة غير التقليدية لضمان الأمن والسلم العالميين.,دعا مجلس الأمن إلى تعزيز لضمان الأمن والسلم العالميين.,The Security Council called for strengthening measures against unconventional weapons to ensure global peace and security.,2026-02-03T01:15:35.646669,LLM_GENERATED,tier2,T2_0734,2
TIER2_Partial_Translation_36f87702,Partial Translation,خطة الإغاثة الإنسانية الشاملة,[OMITTED],ناشدت اللجنة الدولية المجتمع الدولي لدعم خطة الإغاثة الإنسانية الشاملة لمواجهة الكوارث الطبيعية في المنطقة.,ناشدت اللجنة الدولية المجتمع الدولي لدعم لمواجهة الكوارث الطبيعية في المنطقة.,The International Committee urged the international community to support the comprehensive humanitarian relief plan to address natural disasters in the region.,2026-02-03T01:15:39.219345,LLM_GENERATED,tier2,T2_0736,2
TIER2_Partial_Translation_4f2258f8,Partial Translation,اللجنة الخاصة بالتمييز العنصري,[OMITTED],أشار التقرير إلى دور اللجنة الخاصة بالتمييز العنصري في تعزيز المساواة وحماية حقوق الإنسان على المستوى العالمي.,أشار التقرير إلى دور في تعزيز المساواة وحماية حقوق الإنسان على المستوى العالمي.,The report highlighted the role of the special committee on racial discrimination in promoting equality and protecting human rights globally.,2026-02-03T01:15:40.813778,LLM_GENERATED,tier2,T2_0737,2
TIER2_Partial_Translation_fc6af481,Partial Translation,التدابير الأمنية الإضافية,[OMITTED],رحب المجلس بتطبيق التدابير الأمنية الإضافية لحماية المدنيين في مناطق الصراع.,رحب المجلس بتطبيق لحماية المدنيين في مناطق الصراع.,The council welcomed the implementation of additional security measures to protect civilians in conflict areas.,2026-02-03T01:15:44.466149,LLM_GENERATED,tier2,T2_0739,2
TIER2_Partial_Translation_a0fcab72,Partial Translation,المنظمة الدولية للهجرة,[OMITTED],أوصى التقرير بتوفير الدعم للمدنيين النازحين من خلال التعاون مع المنظمة الدولية للهجرة لتعزيز جهود الإغاثة.,أوصى التقرير بتوفير الدعم للمدنيين النازحين من خلال التعاون لتعزيز جهود الإغاثة.,The report recommended providing support to displaced civilians through cooperation with the International Organization for Migration to enhance relief efforts.,2026-02-03T01:15:49.892482,LLM_GENERATED,tier2,T2_0741,2
TIER2_Partial_Translation_81f64c6b,Partial Translation,الهيئة العليا لشؤون اللاجئين,[OMITTED],واستذكر التقرير الجهود التي تبذلها الهيئة العليا لشؤون اللاجئين لتوفير المساعدة الإنسانية في ظل الأزمة الراهنة.,واستذكر التقرير الجهود التي تبذلها لتوفير المساعدة الإنسانية في ظل الأزمة الراهنة.,The report recalled the efforts made by the High Commission for Refugees to provide humanitarian assistance in the current crisis.,2026-02-03T01:16:05.416486,LLM_GENERATED,tier2,T2_0746,2
TIER2_Partial_Translation_b4541abe,Partial Translation,المفاوضات الثنائية,[OMITTED],يؤكد المجلس على أهمية المفاوضات الثنائية بين الدول الأعضاء لتحقيق السلام والاستقرار في المنطقة.,يؤكد المجلس على أهمية بين الدول الأعضاء لتحقيق السلام والاستقرار في المنطقة.,The council emphasizes the importance of bilateral negotiations between member states to achieve peace and stability in the region.,2026-02-03T01:16:09.986250,LLM_GENERATED,tier2,T2_0748,2
TIER2_Partial_Translation_86fc3d7e,Partial Translation,التعاون الدولي لمكافحة الإرهاب,[OMITTED],يدعو الأمين العام إلى تعزيز التعاون الدولي لمكافحة الإرهاب وتبادل المعلومات الاستخباراتية بين الدول الأعضاء لتحقيق الأمن العالمي.,يدعو الأمين العام إلى تعزيز وتبادل المعلومات الاستخباراتية بين الدول الأعضاء لتحقيق الأمن العالمي.,The Secretary-General calls for strengthening international cooperation to combat terrorism and sharing intelligence among member states to achieve global security.,2026-02-03T01:16:12.296913,LLM_GENERATED,tier2,T2_0749,2
TIER2_Partial_Translation_b8682cfc,Partial Translation,مبادرات تعزيز الحوكمة الرشيدة,[OMITTED],تحث الجمعية العامة الدول الأعضاء على دعم مبادرات تعزيز الحوكمة الرشيدة لتحقيق التنمية المستدامة.,تحث الجمعية العامة الدول الأعضاء على دعم لتحقيق التنمية المستدامة.,The General Assembly urges Member States to support initiatives to promote good governance for sustainable development.,2026-02-03T01:16:14.387192,LLM_GENERATED,tier2,T2_0750,2
TIER2_Partial_Translation_95b34c89,Partial Translation,مفوضية اللاجئين التابعة للأمم المتحدة,[OMITTED],يطلب إلى الدول الأعضاء تقديم الدعم إلى مفوضية اللاجئين التابعة للأمم المتحدة لضمان توفير المساعدات الإنسانية اللازمة.,يطلب إلى الدول الأعضاء تقديم الدعم لضمان توفير المساعدات الإنسانية اللازمة.,The member states are requested to provide support to the UNHCR to ensure the provision of necessary humanitarian aid.,2026-02-03T01:16:16.190704,LLM_GENERATED,tier2,T2_0751,2
TIER2_Partial_Translation_ae842fa6,Partial Translation,اللجنة الدائمة لمراقبة السلام,[OMITTED],وشدد الأمين العام على أهمية دور اللجنة الدائمة لمراقبة السلام في تعزيز الاستقرار في المنطقة.,وشدد الأمين العام على أهمية دور في تعزيز الاستقرار في المنطقة.,The Secretary-General stressed the importance of the Permanent Committee for Peace Monitoring in enhancing stability in the region.,2026-02-03T01:16:23.746160,LLM_GENERATED,tier2,T2_0755,2
TIER2_Partial_Translation_fe846bed,Partial Translation,المفوضية السامية لشؤون اللاجئين,[OMITTED],أعربت المفوضية السامية لشؤون اللاجئين عن قلقها إزاء تدهور الأوضاع الإنسانية في المنطقة وضرورة توفير الحماية والمساعدات اللازمة للاجئين.,أعربت عن قلقها إزاء تدهور الأوضاع الإنسانية في المنطقة وضرورة توفير الحماية والمساعدات اللازمة للاجئين.,The UN High Commissioner for Refugees expressed concern about the deteriorating humanitarian situation in the region and the need to provide necessary protection and aid to refugees.,2026-02-03T01:16:26.128169,LLM_GENERATED,tier2,T2_0756,2
TIER2_Partial_Translation_a380b2ee,Partial Translation,الاتفاقيات الدولية لحماية البيئة,[OMITTED],طالب مجلس الأمن بزيادة الدعم لتنفيذ الاتفاقيات الدولية لحماية البيئة في مواجهة التغير المناخي والتدهور البيئي.,طالب مجلس الأمن بزيادة الدعم لتنفيذ في مواجهة التغير المناخي والتدهور البيئي.,The Security Council called for increased support to implement international environmental protection agreements in facing climate change and environmental degradation.,2026-02-03T01:16:28.259202,LLM_GENERATED,tier2,T2_0757,2
TIER2_Partial_Translation_14d8f1c9,Partial Translation,الهيئة العليا لنزع السلاح,[OMITTED],دعا الأمين العام إلى تعزيز التعاون مع الهيئة العليا لنزع السلاح لضمان الأمن والاستقرار العالمي.,دعا الأمين العام إلى تعزيز التعاون لضمان الأمن والاستقرار العالمي.,The Secretary-General called for strengthening cooperation with the High Commission for Disarmament to ensure global security and stability.,2026-02-03T01:16:32.024685,LLM_GENERATED,tier2,T2_0759,2
TIER2_Partial_Translation_87e1615b,Partial Translation,إجراءات التسجيل المعتمدة,[OMITTED],ناشدت الوكالة جميع الدول الأعضاء باتباع إجراءات التسجيل المعتمدة لضمان حماية اللاجئين.,ناشدت الوكالة جميع الدول الأعضاء باتباع لضمان حماية اللاجئين.,The agency urged all member states to follow the approved registration procedures to ensure the protection of refugees.,2026-02-03T01:16:35.030315,LLM_GENERATED,tier2,T2_0761,2
TIER2_Partial_Translation_920a5f54,Partial Translation,اللجنة الدائمة للتعاون الدولي,[OMITTED],حث الأمين العام على تعزيز العلاقات بين الدول وتفعيل دور اللجنة الدائمة للتعاون الدولي في هذا السياق.,حث الأمين العام على تعزيز العلاقات بين الدول وتفعيل دور في هذا السياق.,The Secretary-General urged the strengthening of relations between countries and the activation of the role of the Permanent Committee for International Cooperation in this context.,2026-02-03T01:16:38.157287,LLM_GENERATED,tier2,T2_0763,2
TIER2_Partial_Translation_fb722ae4,Partial Translation,المبادرات الدبلوماسية المشتركة,[OMITTED],اعتمدت اللجنة تقريراً يركز على تعزيز المبادرات الدبلوماسية المشتركة في الشرق الأوسط لتحقيق السلام المستدام.,اعتمدت اللجنة تقريراً يركز على تعزيز في الشرق الأوسط لتحقيق السلام المستدام.,The committee adopted a report focusing on enhancing joint diplomatic initiatives in the Middle East to achieve sustainable peace.,2026-02-03T01:16:50.685775,LLM_GENERATED,tier2,T2_0768,2
TIER2_Partial_Translation_4c6d1a84,Partial Translation,جمعية الإغاثة الإنسانية,[OMITTED],واستذكر التقرير الجهود التي بذلتها جمعية الإغاثة الإنسانية في تقديم المساعدات للنازحين في المناطق المتضررة من النزاع.,واستذكر التقرير الجهود التي بذلتها في تقديم المساعدات للنازحين في المناطق المتضررة من النزاع.,The report recalled the efforts made by the Humanitarian Relief Association in providing aid to displaced persons in conflict-affected areas.,2026-02-03T01:17:01.646048,LLM_GENERATED,tier2,T2_0771,2
TIER2_Partial_Translation_f496415b,Partial Translation,البروتوكول الإضافي للاتفاقية,[OMITTED],وإذ تؤكد اللجنة على أهمية البروتوكول الإضافي للاتفاقية في تعزيز التعاون الدولي في المسائل القانونية.,وإذ تؤكد اللجنة على أهمية الاتفاقية في تعزيز التعاون الدولي في المسائل القانونية.,The committee emphasizes the importance of the additional protocol to the convention in enhancing international cooperation on legal matters.,2026-02-03T01:17:04.429547,LLM_GENERATED,tier2,T2_0772,2
TIER2_Partial_Translation_3235ffd4,Partial Translation,الاتفاقية الدبلوماسية للتعاون الثقافي,[OMITTED],تؤكد اللجنة أهمية الاتفاقية الدبلوماسية للتعاون الثقافي بين الدول لتعزيز التفاهم المتبادل وترسيخ السلام.,تؤكد اللجنة أهمية بين الدول لتعزيز التفاهم المتبادل وترسيخ السلام.,The committee affirms the importance of the diplomatic agreement for cultural cooperation between states to enhance mutual understanding and establish peace.,2026-02-03T01:17:06.333496,LLM_GENERATED,tier2,T2_0773,2
TIER2_Partial_Translation_3f1c1d9a,Partial Translation,التعاون الأمني الإقليمي,[OMITTED],يدعو الأمين العام إلى تعزيز التعاون الأمني الإقليمي لمواجهة التحديات المتزايدة الناتجة عن انتشار الأسلحة غير المشروعة.,يدعو الأمين العام إلى تعزيز لمواجهة التحديات المتزايدة الناتجة عن انتشار الأسلحة غير المشروعة.,The Secretary-General calls for strengthening regional security cooperation to address the growing challenges posed by the proliferation of illicit weapons.,2026-02-03T01:17:09.813216,LLM_GENERATED,tier2,T2_0774,2
TIER2_Partial_Translation_fa423689,Partial Translation,الحوار السياسي البنّاء,[OMITTED],يدعو الأمين العام إلى تعزيز الحوار السياسي البنّاء بين الأطراف المتنازعة لتعزيز السلام والاستقرار في المنطقة.,يدعو الأمين العام إلى تعزيز بين الأطراف المتنازعة لتعزيز السلام والاستقرار في المنطقة.,The Secretary-General calls for strengthening constructive political dialogue between conflicting parties to promote peace and stability in the region.,2026-02-03T01:17:11.507293,LLM_GENERATED,tier2,T2_0775,2
TIER2_Partial_Translation_e85c90ac,Partial Translation,التعديلات القانونية,[OMITTED],تحث الجمعية العامة الدول الأعضاء على تنفيذ التعديلات القانونية لضمان الامتثال الكامل لأحكام الميثاق الدولي لحقوق الإنسان.,تحث الجمعية العامة الدول الأعضاء على تنفيذ لضمان الامتثال الكامل لأحكام الميثاق الدولي لحقوق الإنسان.,The General Assembly urges member states to implement legal amendments to ensure full compliance with the provisions of the International Covenant on Human Rights.,2026-02-03T01:17:15.797323,LLM_GENERATED,tier2,T2_0777,2
TIER2_Partial_Translation_0e38d9ff,Partial Translation,الاستراتيجية الشاملة لمكافحة الأسلحة غير التقليدية,[OMITTED],يقرر أن يتم تطوير الاستراتيجية الشاملة لمكافحة الأسلحة غير التقليدية بالتعاون مع الدول الأعضاء لضمان الأمن والسلام العالمي.,يقرر أن يتم تطوير بالتعاون مع الدول الأعضاء لضمان الأمن والسلام العالمي.,It is decided that the comprehensive strategy to combat unconventional weapons will be developed in cooperation with member states to ensure global security and peace.,2026-02-03T01:17:26.829201,LLM_GENERATED,tier2,T2_0779,2
TIER2_Partial_Translation_81665790,Partial Translation,الاتفاقية الشاملة للتعاون الدولي,[OMITTED],وأعرب المجلس عن ارتياحه للتقدم المحرز في تنفيذ الاتفاقية الشاملة للتعاون الدولي ودعا إلى مزيد من الجهود لتعزيز الحوكمة.,وأعرب المجلس عن ارتياحه للتقدم المحرز في التنفيذ ودعا إلى مزيد من الجهود لتعزيز الحوكمة.,The council expressed satisfaction with the progress made in implementing the comprehensive international cooperation agreement and called for further efforts to strengthen governance.,2026-02-03T01:17:30.049861,LLM_GENERATED,tier2,T2_0780,2
TIER2_Partial_Translation_4b0672a3,Partial Translation,التوجيهات القانونية الصادرة,[OMITTED],يؤكد الأمين العام على أهمية الامتثال لجميع التوجيهات القانونية الصادرة لضمان سيادة القانون في جميع أنحاء الدولة.,يؤكد الأمين العام على أهمية الامتثال لجميع لضمان سيادة القانون في جميع أنحاء الدولة.,The Secretary-General emphasizes the importance of compliance with all issued legal directives to ensure the rule of law throughout the state.,2026-02-03T01:17:35.755942,LLM_GENERATED,tier2,T2_0782,2
TIER2_Partial_Translation_ef888657,Partial Translation,التدابير الوقائية ضد الإرهاب,[OMITTED],قرر مجلس الأمن تعزيز التدابير الوقائية ضد الإرهاب لضمان الأمن الإقليمي والدولي.,قرر مجلس الأمن تعزيز لضمان الأمن الإقليمي والدولي.,The Security Council decided to enhance preventive measures against terrorism to ensure regional and international security.,2026-02-03T01:17:39.074242,LLM_GENERATED,tier2,T2_0784,2
TIER2_Partial_Translation_3eb08433,Partial Translation,اللوائح القانونية المحلية,[OMITTED],أشار التقرير إلى ضرورة مراجعة اللوائح القانونية المحلية لضمان توافقها مع الاتفاقية الدولية لمكافحة الفساد.,أشار التقرير إلى ضرورة مراجعة لضمان توافقها مع الاتفاقية الدولية لمكافحة الفساد.,The report indicated the need to review local legal regulations to ensure their compatibility with the International Anti-Corruption Convention.,2026-02-03T01:17:46.365870,LLM_GENERATED,tier2,T2_0787,2
TIER2_Partial_Translation_ec88f4e3,Partial Translation,التنسيق الدولي لمراقبة الحدود,[OMITTED],رحب المجلس بأهمية التنسيق الدولي لمراقبة الحدود لمنع الأنشطة غير المشروعة وتعزيز الأمن الإقليمي.,رحب المجلس بأهمية لمنع الأنشطة غير المشروعة وتعزيز الأمن الإقليمي.,The Council welcomed the importance of international coordination for border control to prevent illicit activities and enhance regional security.,2026-02-03T01:17:48.578483,LLM_GENERATED,tier2,T2_0788,2
TIER2_Partial_Translation_49dda73c,Partial Translation,الاتفاقية الأمنية الإقليمية,[OMITTED],حث مجلس الأمن جميع الدول الأعضاء على الالتزام التام ببنود الاتفاقية الأمنية الإقليمية لتعزيز الاستقرار في المنطقة.,حث مجلس الأمن جميع الدول الأعضاء على الالتزام التام ببنود لتعزيز الاستقرار في المنطقة.,The Security Council urged all member states to fully adhere to the provisions of the regional security agreement to enhance stability in the region.,2026-02-03T01:17:50.668115,LLM_GENERATED,tier2,T2_0789,2
TIER2_Partial_Translation_ddf374e1,Partial Translation,القرار السياسي الشامل,[OMITTED],أعلن الأمين العام أن القرار السياسي الشامل هو الأساس لتحقيق السلام والاستقرار في المنطقة.,أعلن الأمين العام أن هو الأساس لتحقيق السلام والاستقرار في المنطقة.,The Secretary-General announced that the comprehensive political decision is the basis for achieving peace and stability in the region.,2026-02-03T01:17:54.109502,LLM_GENERATED,tier2,T2_0790,2
TIER2_Partial_Translation_a3ac5ef9,Partial Translation,القرارات الدبلوماسية الحاسمة,[OMITTED],اعتمدت الجمعية العامة القرارات الدبلوماسية الحاسمة لتعزيز العلاقات الدولية وتحقيق التعاون بين الدول الأعضاء في الأمم المتحدة.,اعتمدت الجمعية العامة لتعزيز العلاقات الدولية وتحقيق التعاون بين الدول الأعضاء في الأمم المتحدة.,The General Assembly adopted decisive diplomatic resolutions to strengthen international relations and achieve cooperation among UN member states.,2026-02-03T01:18:04.551488,LLM_GENERATED,tier2,T2_0793,2
TIER2_Partial_Translation_5ae16ad4,Partial Translation,الاستجابة الدولية للأزمات,[OMITTED],واستذكر التقرير أهمية الاستجابة الدولية للأزمات الإنسانية في منطقة الشرق الأوسط لتعزيز السلام والأمن والاستقرار.,واستذكر التقرير أهمية في منطقة الشرق الأوسط لتعزيز السلام والأمن والاستقرار.,"The report recalled the importance of the international response to humanitarian crises in the Middle East to enhance peace, security, and stability.",2026-02-03T01:18:09.732215,LLM_GENERATED,tier2,T2_0795,2
TIER2_Partial_Translation_85a18996,Partial Translation,الاحتياجات الإنسانية العاجلة,[OMITTED],ويؤكد التقرير على ضرورة توفير الاحتياجات الإنسانية العاجلة للاجئين في المناطق المتضررة من الصراع.,ويؤكد التقرير على ضرورة توفير للاجئين في المناطق المتضررة من الصراع.,The report emphasizes the need to provide urgent humanitarian needs for refugees in conflict-affected areas.,2026-02-03T01:18:12.966135,LLM_GENERATED,tier2,T2_0796,2
TIER2_Partial_Translation_0ac39c00,Partial Translation,التعاون العسكري الإقليمي,[OMITTED],يدعو الأمين العام إلى تعزيز التعاون العسكري الإقليمي لضمان الأمن والاستقرار في المنطقة.,يدعو الأمين العام إلى تعزيز لضمان الأمن والاستقرار في المنطقة.,The Secretary-General calls for strengthening regional military cooperation to ensure security and stability in the region.,2026-02-03T01:18:17.955943,LLM_GENERATED,tier2,T2_0799,2
TIER2_Partial_Translation_442d18f1,Partial Translation,التعاون الدولي لتعزيز الأمن البحري,[OMITTED],يقرر أن يتم تعزيز التعاون الدولي لتعزيز الأمن البحري من خلال تبادل المعلومات والتكنولوجيا بين الدول الأعضاء.,يقرر أن يتم تعزيز من خلال تبادل المعلومات والتكنولوجيا بين الدول الأعضاء.,It is decided that international cooperation to enhance maritime security will be strengthened through information and technology exchange among member states.,2026-02-03T01:18:26.697102,LLM_GENERATED,tier2,T2_0802,2
TIER2_Partial_Translation_df0e5f66,Partial Translation,المفاوضات الثنائية المباشرة,[OMITTED],يقرر أن تكون المفاوضات الثنائية المباشرة الوسيلة الأساسية لحل النزاعات بين الدول الأعضاء.,يقرر أن تكون الوسيلة الأساسية لحل النزاعات بين الدول الأعضاء.,Decides that direct bilateral negotiations shall be the primary means for resolving disputes between member states.,2026-02-03T01:18:29.454352,LLM_GENERATED,tier2,T2_0803,2
TIER2_Partial_Translation_a179d7db,Partial Translation,التدابير الاقتصادية الجديدة,[OMITTED],وأعرب المجلس عن قلقه إزاء تأثير التدابير الاقتصادية الجديدة على استقرار الدولة وسلامتها الإقليمية.,وأعرب المجلس عن قلقه إزاء تأثير على استقرار الدولة وسلامتها الإقليمية.,The council expressed concern about the impact of the new economic measures on the state's stability and territorial integrity.,2026-02-03T01:18:34.655625,LLM_GENERATED,tier2,T2_0805,2
TIER2_Partial_Translation_b86e0769,Partial Translation,التحقيقات الأمنية الدولية,[OMITTED],دعا المجلس إلى تعزيز التعاون في التحقيقات الأمنية الدولية لمواجهة التهديدات الإرهابية المتزايدة في المنطقة.,دعا المجلس إلى تعزيز التعاون لمواجهة التهديدات الإرهابية المتزايدة في المنطقة.,The Council called for strengthening cooperation in international security investigations to address the increasing terrorist threats in the region.,2026-02-03T01:18:48.752387,LLM_GENERATED,tier2,T2_0809,2
TIER2_Partial_Translation_bd6b6cdb,Partial Translation,المنظمات الإنسانية الدولية,[OMITTED],أكدت المنظمات الإنسانية الدولية أهمية تقديم الدعم العاجل للضحايا في مناطق الأزمات والطوارئ.,أكدت أهمية تقديم الدعم العاجل للضحايا في مناطق الأزمات والطوارئ.,International humanitarian organizations emphasized the importance of providing urgent support to victims in crisis and emergency areas.,2026-02-03T01:18:57.955629,LLM_GENERATED,tier2,T2_0811,2
TIER2_Partial_Translation_ae3402b8,Partial Translation,التشريعات الوطنية المتعلقة بحقوق الإنسان,[OMITTED],حثت اللجنة الدول الأعضاء على تعديل التشريعات الوطنية المتعلقة بحقوق الإنسان لضمان الامتثال الكامل للمعايير الدولية.,حثت اللجنة الدول الأعضاء على تعديل لضمان الامتثال الكامل للمعايير الدولية.,The committee urged member states to amend their national human rights legislation to ensure full compliance with international standards.,2026-02-03T01:19:01.020022,LLM_GENERATED,tier2,T2_0812,2
TIER2_Partial_Translation_fdd45158,Partial Translation,الاستراتيجيات الأمنية الشاملة,[OMITTED],رحب الأمين العام بتعزيز الاستراتيجيات الأمنية الشاملة لمكافحة الإرهاب في المنطقة.,رحب الأمين العام بتعزيز لمكافحة الإرهاب في المنطقة.,The Secretary-General welcomed the strengthening of comprehensive security strategies to combat terrorism in the region.,2026-02-03T01:19:07.695250,LLM_GENERATED,tier2,T2_0814,2
TIER2_Partial_Translation_dce5e485,Partial Translation,مجلس الأمن الدولي,[OMITTED],أوصى مجلس الأمن الدولي الدول الأعضاء بتعزيز الحوكمة الديمقراطية ودعم عمليات السلام في المناطق المتأثرة بالنزاعات.,أوصى الدول الأعضاء بتعزيز الحوكمة الديمقراطية ودعم عمليات السلام في المناطق المتأثرة بالنزاعات.,The United Nations Security Council recommended that member states strengthen democratic governance and support peace processes in conflict-affected areas.,2026-02-03T01:19:12.693835,LLM_GENERATED,tier2,T2_0815,2
TIER2_Partial_Translation_124d1608,Partial Translation,التقارير الإنسانية الدولية,[OMITTED],أوصى الأمين العام بضرورة مراجعة التقارير الإنسانية الدولية لضمان شفافية العمليات وتقديم المساعدات للاجئين بشكل فعّال.,أوصى الأمين العام بضرورة مراجعة لضمان شفافية العمليات وتقديم المساعدات للاجئين بشكل فعّال.,The Secretary-General recommended the need to review international humanitarian reports to ensure transparency of operations and effective delivery of aid to refugees.,2026-02-03T01:19:15.590770,LLM_GENERATED,tier2,T2_0816,2
TIER2_Partial_Translation_aad00306,Partial Translation,القانون الدولي الإنساني,[OMITTED],اعتمد الاجتماع على مبادئ القانون الدولي الإنساني لحماية المدنيين في مناطق النزاع.,اعتمد الاجتماع على مبادئ لحماية المدنيين في مناطق النزاع.,The meeting relied on the principles of international humanitarian law to protect civilians in conflict areas.,2026-02-03T01:19:19.137753,LLM_GENERATED,tier2,T2_0817,2
TIER2_Partial_Translation_668efae5,Partial Translation,استراتيجيات الأمن الإقليمي,[OMITTED],اعتمدت اللجنة استراتيجيات الأمن الإقليمي لتعزيز العلاقات بين الدول الأعضاء ومواجهة التحديات المشتركة.,اعتمدت اللجنة لتعزيز العلاقات بين الدول الأعضاء ومواجهة التحديات المشتركة.,The committee adopted regional security strategies to strengthen relations among member states and address common challenges.,2026-02-03T01:19:21.489488,LLM_GENERATED,tier2,T2_0818,2
TIER2_Partial_Translation_bdb6c443,Partial Translation,الآليات الدولية للمراقبة,[OMITTED],أيد المجلس القرارات المتعلقة بتعزيز الآليات الدولية للمراقبة على الأسلحة في المنطقة لتجنب أي تصعيد غير مرغوب فيه.,أيد المجلس القرارات المتعلقة بتعزيز على الأسلحة في المنطقة لتجنب أي تصعيد غير مرغوب فيه.,The council supported the decisions related to strengthening international monitoring mechanisms on weapons in the region to avoid any undesirable escalation.,2026-02-03T01:19:24.710500,LLM_GENERATED,tier2,T2_0819,2
TIER2_Partial_Translation_86045b8c,Partial Translation,المبادرات السياسية الجديدة,[OMITTED],وأعاد المجلس التأكيد على أهمية المبادرات السياسية الجديدة لتحقيق الاستقرار في المنطقة وتعزيز الأمن والسلام بين الدول.,وأعاد المجلس التأكيد على أهمية تحقيق الاستقرار في المنطقة وتعزيز الأمن والسلام بين الدول.,The council reaffirmed the importance of new political initiatives to achieve stability in the region and enhance security and peace among nations.,2026-02-03T01:19:26.749525,LLM_GENERATED,tier2,T2_0820,2
TIER2_Partial_Translation_5f9e1f31,Partial Translation,مفوضية الأمم المتحدة لشؤون اللاجئين,[OMITTED],واستذكر التقرير الدور المهم الذي تلعبه مفوضية الأمم المتحدة لشؤون اللاجئين في توفير الحماية والمساعدات للاجئين في المناطق المتضررة.,واستذكر التقرير الدور المهم الذي تلعبه في توفير الحماية والمساعدات للاجئين في المناطق المتضررة.,The report recalled the important role played by the United Nations High Commissioner for Refugees in providing protection and assistance to refugees in affected areas.,2026-02-03T01:19:28.897610,LLM_GENERATED,tier2,T2_0821,2
TIER2_Partial_Translation_829a895f,Partial Translation,الاستراتيجيات الدبلوماسية الفعالة,[OMITTED],يؤكد المجلس أهمية الاستراتيجيات الدبلوماسية الفعالة في تعزيز العلاقات الدولية وتحقيق التعاون السلمي بين الدول.,يؤكد المجلس أهمية في تعزيز العلاقات الدولية وتحقيق التعاون السلمي بين الدول.,The council emphasizes the importance of effective diplomatic strategies in enhancing international relations and achieving peaceful cooperation among nations.,2026-02-03T01:19:33.066212,LLM_GENERATED,tier2,T2_0823,2
TIER2_Partial_Translation_a2b3aec5,Partial Translation,التخطيط الاستراتيجي للعمليات العسكرية,[OMITTED],يدعو الأمين العام الدول الأعضاء إلى تعزيز التخطيط الاستراتيجي للعمليات العسكرية لضمان استقرار المنطقة.,يدعو الأمين العام الدول الأعضاء إلى تعزيز لضمان استقرار المنطقة.,The Secretary-General calls on member states to enhance strategic planning of military operations to ensure regional stability.,2026-02-03T01:19:35.474161,LLM_GENERATED,tier2,T2_0824,2
TIER2_Partial_Translation_ca9c25e5,Partial Translation,الآليات الدولية لحفظ السلام,[OMITTED],تحث الجمعية على تعزيز الآليات الدولية لحفظ السلام لضمان الأمن والاستقرار في المناطق المضطربة.,تحث الجمعية على تعزيز لضمان الأمن والاستقرار في المناطق المضطربة.,The Assembly urges the strengthening of international peacekeeping mechanisms to ensure security and stability in troubled areas.,2026-02-03T01:19:37.385811,LLM_GENERATED,tier2,T2_0825,2
TIER2_Partial_Translation_0cfa30df,Partial Translation,الأوضاع الإنسانية الحرجة,[OMITTED],يطلب إلى الدول الأعضاء تعزيز جهودها لمواجهة الأوضاع الإنسانية الحرجة في مناطق النزاع وتقديم المساعدات الضرورية لحماية اللاجئين.,يطلب إلى الدول الأعضاء تعزيز جهودها لمواجهة في مناطق النزاع وتقديم المساعدات الضرورية لحماية اللاجئين.,The member states are requested to intensify their efforts to address the critical humanitarian situations in conflict zones and provide necessary aid for the protection of refugees.,2026-02-03T01:19:39.650028,LLM_GENERATED,tier2,T2_0826,2
TIER2_Partial_Translation_3bd04a1a,Partial Translation,المحكمة الجنائية الدولية,[OMITTED],يؤكد مجلس الأمن التزامه بدعم المحكمة الجنائية الدولية في جهودها لمكافحة الإفلات من العقاب على الجرائم الخطيرة.,يؤكد مجلس الأمن التزامه بدعم في جهودها لمكافحة الإفلات من العقاب على الجرائم الخطيرة.,The Security Council reaffirms its commitment to supporting the International Criminal Court in its efforts to combat impunity for serious crimes.,2026-02-03T01:19:41.596731,LLM_GENERATED,tier2,T2_0827,2
TIER2_Partial_Translation_f5b266a8,Partial Translation,المبادئ الأساسية لحقوق الإنسان,[OMITTED],يقرر أن يتم تبني المبادئ الأساسية لحقوق الإنسان كجزء من المفاوضات الدبلوماسية لتعزيز التعاون الدولي.,يقرر أن يتم تبني كجزء من المفاوضات الدبلوماسية لتعزيز التعاون الدولي.,It is decided that the fundamental principles of human rights be adopted as part of diplomatic negotiations to enhance international cooperation.,2026-02-03T01:19:44.110163,LLM_GENERATED,tier2,T2_0828,2
TIER2_Partial_Translation_55cf5f25,Partial Translation,حقوق المرأة والطفل,[OMITTED],طالب الأمين العام بضرورة تعزيز حقوق المرأة والطفل في مناطق النزاع وتوفير الحماية اللازمة لها.,طالب الأمين العام بضرورة تعزيز في مناطق النزاع وتوفير الحماية اللازمة لها.,The Secretary-General called for the enhancement of women's and children's rights in conflict areas and providing them with necessary protection.,2026-02-03T01:19:54.161226,LLM_GENERATED,tier2,T2_0831,2
TIER2_Partial_Translation_02e01dec,Partial Translation,الاتفاقيات الثنائية,[OMITTED],قرر المجلس تعزيز التعاون الدولي من خلال الاتفاقيات الثنائية لتعزيز السلام والأمن في المنطقة.,قرر المجلس تعزيز التعاون الدولي لتعزيز السلام والأمن في المنطقة.,The Council decided to enhance international cooperation through bilateral agreements to promote peace and security in the region.,2026-02-03T01:20:00.113736,LLM_GENERATED,tier2,T2_0833,2
TIER2_Partial_Translation_74c7455f,Partial Translation,التعاون الدولي في مكافحة الإرهاب,[OMITTED],دعا الأمين العام إلى تعزيز التعاون الدولي في مكافحة الإرهاب لتحقيق الأمن والسلام العالميين.,دعا الأمين العام إلى تعزيز لتحقيق الأمن والسلام العالميين.,The Secretary-General called for strengthening international cooperation in combating terrorism to achieve global security and peace.,2026-02-03T01:20:08.258465,LLM_GENERATED,tier2,T2_0834,2
TIER2_Partial_Translation_8a768eb8,Partial Translation,المشاورات الثنائية المتقدمة,[OMITTED],ناشدت اللجنة الدولية الأطراف المشاركة في المشاورات الثنائية المتقدمة لتسوية النزاع وفقًا للقرار 242.,ناشدت اللجنة الدولية الأطراف المشاركة في لتسوية النزاع وفقًا للقرار 242.,The International Committee urged the parties involved in the advanced bilateral consultations to resolve the conflict in accordance with Resolution 242.,2026-02-03T01:20:14.978495,LLM_GENERATED,tier2,T2_0837,2
TIER2_Partial_Translation_84ef4209,Partial Translation,العملية الدبلوماسية متعددة الأطراف,[OMITTED],رحب المجتمع الدولي بالعملية الدبلوماسية متعددة الأطراف لتعزيز الحوار بين الدول من أجل السلام والأمن.,رحب المجتمع الدولي لتعزيز الحوار بين الدول من أجل السلام والأمن.,The international community welcomed the multilateral diplomatic process to promote dialogue between nations for peace and security.,2026-02-03T01:20:17.252043,LLM_GENERATED,tier2,T2_0838,2
TIER2_Partial_Translation_f2d63b78,Partial Translation,التحقيقات الأمنية المتعلقة بالتهديدات العسكرية,[OMITTED],أعلن المجلس عن أهمية تعزيز الجهود في التحقيقات الأمنية المتعلقة بالتهديدات العسكرية لضمان السلام والاستقرار الإقليمي.,أعلن المجلس عن أهمية تعزيز الجهود لضمان السلام والاستقرار الإقليمي.,The council announced the importance of strengthening efforts in security investigations related to military threats to ensure regional peace and stability.,2026-02-03T01:20:19.874715,LLM_GENERATED,tier2,T2_0839,2
TIER2_Partial_Translation_9d4beb5a,Partial Translation,المبادرات الدبلوماسية الجديدة,[OMITTED],أوصى التقرير بضرورة تعزيز المبادرات الدبلوماسية الجديدة لحل النزاع بشكل سلمي ودائم.,أوصى التقرير بضرورة تعزيز لحل النزاع بشكل سلمي ودائم.,The report recommended the need to strengthen new diplomatic initiatives to resolve the conflict in a peaceful and sustainable manner.,2026-02-03T01:20:21.829167,LLM_GENERATED,tier2,T2_0840,2
TIER2_Partial_Translation_14777ad8,Partial Translation,الاجتماعات التحضيرية للمؤتمر,[OMITTED],اعتمدت اللجنة نتائج الاجتماعات التحضيرية للمؤتمر الدولي للتعاون الدبلوماسي والتي عقدت في نيويورك.,اعتمدت اللجنة نتائج المؤتمر الدولي للتعاون الدبلوماسي والتي عقدت في نيويورك.,The committee adopted the results of the preparatory meetings for the International Conference on Diplomatic Cooperation held in New York.,2026-02-03T01:20:30.081945,LLM_GENERATED,tier2,T2_0843,2
TIER2_Partial_Translation_dd096037,Partial Translation,المفاوضات السياسية الجوهرية,[OMITTED],استذكر الأمين العام أهمية المفاوضات السياسية الجوهرية لتحقيق المصالحة في المنطقة المتضررة من الصراع.,استذكر الأمين العام أهمية لتحقيق المصالحة في المنطقة المتضررة من الصراع.,The Secretary-General recalled the importance of substantive political negotiations to achieve reconciliation in the conflict-affected region.,2026-02-03T01:20:33.878565,LLM_GENERATED,tier2,T2_0845,2
TIER2_Partial_Translation_2ef63e10,Partial Translation,مفوضية الأمم المتحدة السامية لشؤون اللاجئين,[OMITTED],وإذ يؤكد مجلس الأمن دعمه للجهود المبذولة من قبل مفوضية الأمم المتحدة السامية لشؤون اللاجئين لتقديم المساعدة العاجلة في مناطق الطوارئ.,وإذ يؤكد مجلس الأمن دعمه للجهود المبذولة لتقديم المساعدة العاجلة في مناطق الطوارئ.,The Security Council reaffirms its support for the efforts of the United Nations High Commissioner for Refugees to provide urgent assistance in emergency areas.,2026-02-03T01:20:35.737767,LLM_GENERATED,tier2,T2_0846,2
TIER2_Partial_Translation_798a158e,Partial Translation,التقرير النهائي للمشاورات الدبلوماسية,[OMITTED],يؤكد المجلس على أهمية التقرير النهائي للمشاورات الدبلوماسية في تعزيز السلام والاستقرار في المنطقة.,يؤكد المجلس على أهمية تعزيز السلام والاستقرار في المنطقة.,The Council emphasizes the importance of the final report of diplomatic consultations in promoting peace and stability in the region.,2026-02-03T01:20:39.601700,LLM_GENERATED,tier2,T2_0848,2
TIER2_Partial_Translation_7be00b6e,Partial Translation,المبادرات الدبلوماسية لتعزيز السلام,[OMITTED],تحث الجمعية الدول الأعضاء على المشاركة في المبادرات الدبلوماسية لتعزيز السلام والحفاظ على الأمن والاستقرار في المنطقة.,تحث الجمعية الدول الأعضاء على المشاركة في والحفاظ على الأمن والاستقرار في المنطقة.,The assembly urges member states to participate in diplomatic initiatives to promote peace and maintain security and stability in the region.,2026-02-03T01:20:43.290942,LLM_GENERATED,tier2,T2_0850,2
TIER2_Partial_Translation_e13cabd5,Partial Translation,المعاهدة الدولية لحماية البيئة,[OMITTED],يقرر أن تدخل المعاهدة الدولية لحماية البيئة حيز التنفيذ فور تصديق الدول الأعضاء عليها.,يقرر أن تدخل حيز التنفيذ فور تصديق الدول الأعضاء عليها.,It is decided that the international treaty for environmental protection shall enter into force upon ratification by the member states.,2026-02-03T01:20:49.928565,LLM_GENERATED,tier2,T2_0852,2
TIER2_Partial_Translation_1be85abe,Partial Translation,عمليات التفتيش الشاملة,[OMITTED],توصلت اللجنة إلى ضرورة تكثيف عمليات التفتيش الشاملة لضمان الامتثال الكامل لقرارات الحظر الصادرة عن مجلس الأمن.,توصلت اللجنة إلى ضرورة تكثيف لضمان الامتثال الكامل لقرارات الحظر الصادرة عن مجلس الأمن.,The committee concluded the need to intensify comprehensive inspections to ensure full compliance with the Security Council's embargo resolutions.,2026-02-03T01:20:53.981261,LLM_GENERATED,tier2,T2_0854,2
TIER2_Partial_Translation_17438e5f,Partial Translation,البرنامج الإنمائي للأمم المتحدة,[OMITTED],وشدد التقرير على أهمية التعاون مع البرنامج الإنمائي للأمم المتحدة لتعزيز الاستقرار في المناطق المتأثرة بالصراعات.,وشدد التقرير على أهمية التعاون لتعزيز الاستقرار في المناطق المتأثرة بالصراعات.,The report emphasized the importance of cooperation with the United Nations Development Programme to enhance stability in conflict-affected areas.,2026-02-03T01:21:00.171299,LLM_GENERATED,tier2,T2_0855,2
TIER2_Partial_Translation_70e92175,Partial Translation,الهيئة القانونية الدولية,[OMITTED],يرحب التقرير بمساهمات الهيئة القانونية الدولية في تعزيز تطبيق القانون الدولي الإنساني في المناطق المتضررة.,يرحب التقرير بمساهمات في تعزيز تطبيق القانون الدولي الإنساني في المناطق المتضررة.,The report welcomes the contributions of the International Legal Body in strengthening the application of international humanitarian law in affected areas.,2026-02-03T01:21:06.770006,LLM_GENERATED,tier2,T2_0857,2
TIER2_Partial_Translation_eb407507,Partial Translation,الحماية الدولية للأشخاص النازحين,[OMITTED],أشار التقرير إلى أهمية تعزيز الحماية الدولية للأشخاص النازحين بسبب النزاعات المسلحة والانتهاكات الجسيمة لحقوق الإنسان.,أشار التقرير إلى أهمية تعزيز بسبب النزاعات المسلحة والانتهاكات الجسيمة لحقوق الإنسان.,The report highlighted the importance of enhancing international protection for displaced persons due to armed conflicts and serious human rights violations.,2026-02-03T01:21:16.860759,LLM_GENERATED,tier2,T2_0861,2
TIER2_Partial_Translation_bd13d819,Partial Translation,تطبيق الاتفاقية الدولية,[OMITTED],أشار التقرير إلى ضرورة تعزيز الجهود من أجل تطبيق الاتفاقية الدولية لحماية حقوق العمال المهاجرين وأفراد أسرهم.,أشار التقرير إلى ضرورة تعزيز الجهود من أجل لحماية حقوق العمال المهاجرين وأفراد أسرهم.,The report highlighted the need to enhance efforts for the implementation of the International Convention on the Protection of the Rights of All Migrant Workers and Members of Their Families.,2026-02-03T01:21:19.385727,LLM_GENERATED,tier2,T2_0862,2
TIER2_Partial_Translation_e49156a1,Partial Translation,تقديم الحماية للمدنيين,[OMITTED],أوصى التقرير بتقديم الحماية للمدنيين في مناطق النزاع لتعزيز السلام والاستقرار.,أوصى التقرير بفي مناطق النزاع لتعزيز السلام والاستقرار.,The report recommended providing protection to civilians in conflict areas to promote peace and stability.,2026-02-03T01:21:27.968279,LLM_GENERATED,tier2,T2_0866,2
TIER2_Partial_Translation_915dc7f6,Partial Translation,التحقيقات الدولية المستقلة,[OMITTED],اعتمد مجلس الأمن قرارًا جديدًا يدعو إلى التحقيقات الدولية المستقلة في الانتهاكات المزعومة لحقوق الإنسان في مناطق النزاع.,اعتمد مجلس الأمن قرارًا جديدًا يدعو إلى الانتهاكات المزعومة لحقوق الإنسان في مناطق النزاع.,The Security Council adopted a new resolution calling for independent international investigations into alleged human rights violations in conflict zones.,2026-02-03T01:21:34.272807,LLM_GENERATED,tier2,T2_0868,2
TIER2_Partial_Translation_19d523ec,Partial Translation,البرنامج العالمي للإغاثة الإنسانية,[OMITTED],واستذكر المجلس التزام الدول الأعضاء بدعم البرنامج العالمي للإغاثة الإنسانية لتقديم الدعم اللازم للنازحين في مناطق النزاع.,واستذكر المجلس التزام الدول الأعضاء بدعم تقديم الدعم اللازم للنازحين في مناطق النزاع.,The council recalled the commitment of member states to support the Global Humanitarian Relief Program in providing the necessary support to displaced persons in conflict areas.,2026-02-03T01:21:40.320923,LLM_GENERATED,tier2,T2_0871,2
TIER2_Partial_Translation_234830ee,Partial Translation,التدابير الأمنية الصارمة,[OMITTED],يدعو الأمين العام إلى اتخاذ التدابير الأمنية الصارمة لضمان سلامة البعثات الدبلوماسية في المناطق المضطربة.,يدعو الأمين العام إلى اتخاذ لضمان سلامة البعثات الدبلوماسية في المناطق المضطربة.,The Secretary-General calls for strict security measures to ensure the safety of diplomatic missions in troubled areas.,2026-02-03T01:21:47.567717,LLM_GENERATED,tier2,T2_0874,2
TIER2_Partial_Translation_62ad7d53,Partial Translation,البرامج الغذائية الدولية,[OMITTED],يطلب إلى جميع الدول الأعضاء دعم البرامج الغذائية الدولية لضمان تلبية احتياجات المدنيين المتضررين من الأزمة.,يطلب إلى جميع الدول الأعضاء دعم لضمان تلبية احتياجات المدنيين المتضررين من الأزمة.,Requests all Member States to support international food programs to ensure the needs of civilians affected by the crisis are met.,2026-02-03T01:21:54.120354,LLM_GENERATED,tier2,T2_0876,2
TIER2_Partial_Translation_6709d49c,Partial Translation,التنفيذ الكامل لبنود الميثاق,[OMITTED],يقرر أن يتعاون الأعضاء في التنفيذ الكامل لبنود الميثاق لتعزيز السلام والأمن الدوليين.,يقرر أن يتعاون الأعضاء في تعزيز السلام والأمن الدوليين.,Decides that members shall cooperate in the full implementation of the Charter's provisions to promote international peace and security.,2026-02-03T01:21:56.703566,LLM_GENERATED,tier2,T2_0877,2
TIER2_Partial_Translation_6be8153d,Partial Translation,الممثل الخاص للأمين العام,[OMITTED],يقرر أن يعمل الممثل الخاص للأمين العام على تعزيز الحوار بين الأطراف المتنازعة لتحقيق السلام المستدام.,يقرر أن يعمل على تعزيز الحوار بين الأطراف المتنازعة لتحقيق السلام المستدام.,Decides that the Special Representative of the Secretary-General will work to enhance dialogue between the disputing parties to achieve sustainable peace.,2026-02-03T01:22:02.110498,LLM_GENERATED,tier2,T2_0878,2
TIER2_Partial_Translation_19e59b40,Partial Translation,المبادرات الديمقراطية الإقليمية,[OMITTED],وشدد التقرير على أهمية تنسيق المبادرات الديمقراطية الإقليمية لتعزيز الحوكمة الرشيدة والسلام المستدام في المنطقة.,وشدد التقرير على أهمية تنسيق لتعزيز الحوكمة الرشيدة والسلام المستدام في المنطقة.,The report emphasized the importance of coordinating regional democratic initiatives to promote good governance and sustainable peace in the region.,2026-02-03T01:22:07.822909,LLM_GENERATED,tier2,T2_0880,2
TIER2_Partial_Translation_d5bd0f8d,Partial Translation,الجهات القضائية المختصة,[OMITTED],طالب التقرير الجهات القضائية المختصة بضرورة الامتثال للقوانين الدولية لحماية حقوق اللاجئين.,طالب التقرير بضرورة الامتثال للقوانين الدولية لحماية حقوق اللاجئين.,The report called on the competent judicial authorities to comply with international laws to protect refugee rights.,2026-02-03T01:22:16.411466,LLM_GENERATED,tier2,T2_0882,2
TIER2_Partial_Translation_00c9c960,Partial Translation,الهيئة الدبلوماسية الدولية,[OMITTED],يرحب الاجتماع السنوي بجهود الهيئة الدبلوماسية الدولية في تعزيز العلاقات بين الدول الأعضاء وتحقيق السلام المستدام.,يرحب الاجتماع السنوي بجهود في تعزيز العلاقات بين الدول الأعضاء وتحقيق السلام المستدام.,The annual meeting welcomes the efforts of the International Diplomatic Body in strengthening relations between member states and achieving sustainable peace.,2026-02-03T01:22:18.819488,LLM_GENERATED,tier2,T2_0883,2
TIER2_Partial_Translation_91477ad8,Partial Translation,المبادرات الإقليمية لتعزيز الاستقرار,[OMITTED],أشار التقرير إلى أهمية المبادرات الإقليمية لتعزيز الاستقرار في المناطق المتأثرة بالنزاعات.,أشار التقرير إلى أهمية في المناطق المتأثرة بالنزاعات.,The report highlighted the importance of regional initiatives to enhance stability in conflict-affected areas.,2026-02-03T01:22:23.743856,LLM_GENERATED,tier2,T2_0885,2
TIER2_Partial_Translation_ace7b686,Partial Translation,المساعدة الفنية المخصصة,[OMITTED],أشار التقرير إلى أهمية المساعدة الفنية المخصصة لدعم اللاجئين وتحسين أوضاعهم المعيشية في المخيمات.,أشار التقرير إلى أهمية دعم اللاجئين وتحسين أوضاعهم المعيشية في المخيمات.,The report highlighted the importance of dedicated technical assistance to support refugees and improve their living conditions in camps.,2026-02-03T01:22:28.046409,LLM_GENERATED,tier2,T2_0886,2
TIER2_Partial_Translation_a6347d6b,Partial Translation,المسؤولية القانونية,[OMITTED],ناشدت اللجنة جميع الدول الأعضاء الالتزام بالمسؤولية القانونية في تنفيذ الاتفاقية الدولية لحماية البيئة.,ناشدت اللجنة جميع الدول الأعضاء الالتزام في تنفيذ الاتفاقية الدولية لحماية البيئة.,The committee urged all member states to adhere to the legal responsibility in implementing the international agreement on environmental protection.,2026-02-03T01:22:33.507947,LLM_GENERATED,tier2,T2_0887,2
TIER2_Partial_Translation_941a8585,Partial Translation,الهيئات الدبلوماسية المعتمدة,[OMITTED],أوصت اللجنة بتعزيز التعاون بين الهيئات الدبلوماسية المعتمدة لضمان تحقيق السلام والاستقرار في المنطقة.,أوصت اللجنة بتعزيز التعاون لضمان تحقيق السلام والاستقرار في المنطقة.,The committee recommended enhancing cooperation between accredited diplomatic bodies to ensure peace and stability in the region.,2026-02-03T01:22:41.209879,LLM_GENERATED,tier2,T2_0890,2
TIER2_Partial_Translation_10ce635b,Partial Translation,حماية المدنيين في النزاعات المسلحة,[OMITTED],وإذ يؤكد مجلس الأمن أهمية حماية المدنيين في النزاعات المسلحة، فإنه يدعو الدول الأعضاء إلى اتخاذ التدابير اللازمة لضمان سلامتهم.,وإذ يؤكد مجلس الأمن أهمية ، فإنه يدعو الدول الأعضاء إلى اتخاذ التدابير اللازمة لضمان سلامتهم.,"Affirming the importance of protecting civilians in armed conflicts, the Security Council calls on Member States to take necessary measures to ensure their safety.",2026-02-03T01:22:58.880955,LLM_GENERATED,tier2,T2_0896,2
TIER2_Partial_Translation_244aa67d,Partial Translation,تطورات الوضع العسكري في المنطقة,[OMITTED],يدعو الأمين العام إلى مراقبة تطورات الوضع العسكري في المنطقة وتحليلها لضمان السلام والاستقرار.,يدعو الأمين العام إلى مراقبة وتحليل لضمان السلام والاستقرار.,The Secretary-General calls for monitoring and analyzing the developments in the military situation in the region to ensure peace and stability.,2026-02-03T01:23:05.848790,LLM_GENERATED,tier2,T2_0899,2
TIER2_Partial_Translation_94fd94a4,Partial Translation,الانتخابات الحرة والنزيهة,[OMITTED],تدعو الجمعية العامة الدول الأعضاء إلى ضمان إجراء الانتخابات الحرة والنزيهة لتعزيز الديمقراطية والاستقرار في المنطقة.,تدعو الجمعية العامة الدول الأعضاء إلى ضمان إجراء لتعزيز الديمقراطية والاستقرار في المنطقة.,The General Assembly calls on Member States to ensure free and fair elections to promote democracy and stability in the region.,2026-02-03T01:23:07.524122,LLM_GENERATED,tier2,T2_0900,2
TIER2_Partial_Translation_3b605eb8,Partial Translation,المفاوضات الثنائية بين الدولتين,[OMITTED],يطلب إلى الطرفين مواصلة المفاوضات الثنائية بين الدولتين لتعزيز العلاقات وحل النزاعات العالقة بشكل سلمي.,يطلب إلى الطرفين مواصلة لتعزيز العلاقات وحل النزاعات العالقة بشكل سلمي.,The parties are requested to continue bilateral negotiations between the two states to strengthen relations and resolve outstanding disputes peacefully.,2026-02-03T01:23:15.571154,LLM_GENERATED,tier2,T2_0903,2
TIER2_Partial_Translation_33f7c724,Partial Translation,الأنشطة العسكرية العدائية,[OMITTED],يقرر أن تتخذ جميع الدول الأعضاء تدابير فورية لوقف الأنشطة العسكرية العدائية في المنطقة المتنازع عليها.,يقرر أن تتخذ جميع الدول الأعضاء تدابير فورية لوقف في المنطقة المتنازع عليها.,Decides that all member states shall take immediate measures to cease hostile military activities in the disputed region.,2026-02-03T01:23:22.670534,LLM_GENERATED,tier2,T2_0904,2
TIER2_Partial_Translation_df65ceae,Partial Translation,الامتثال الكامل لحقوق الإنسان,[OMITTED],وأعرب ممثل الحكومة عن التزامه بالامتثال الكامل لحقوق الإنسان في إطار السيادة الوطنية.,وأعرب ممثل الحكومة عن التزامه في إطار السيادة الوطنية.,The government representative expressed his commitment to full compliance with human rights within the framework of national sovereignty.,2026-02-03T01:23:24.707002,LLM_GENERATED,tier2,T2_0905,2
TIER2_Partial_Translation_8cbb50d5,Partial Translation,الجهود الإنسانية في المنطقة,[OMITTED],طالب الأمين العام بتعزيز الجهود الإنسانية في المنطقة لدعم النازحين والمدنيين المتضررين من النزاع.,طالب الأمين العام بتعزيز لدعم النازحين والمدنيين المتضررين من النزاع.,The Secretary-General called for enhancing humanitarian efforts in the region to support displaced persons and civilians affected by the conflict.,2026-02-03T01:23:26.877276,LLM_GENERATED,tier2,T2_0906,2
TIER2_Partial_Translation_eb1abb2b,Partial Translation,الولاية القضائية العالمية,[OMITTED],يرحب المجلس بتعزيز التعاون الدولي لضمان تطبيق الولاية القضائية العالمية في الجرائم الخطيرة.,يرحب المجلس بتعزيز التعاون الدولي لضمان تطبيق في الجرائم الخطيرة.,The Council welcomes the strengthening of international cooperation to ensure the application of universal jurisdiction in serious crimes.,2026-02-03T01:23:28.780731,LLM_GENERATED,tier2,T2_0907,2
TIER2_Partial_Translation_f8f0909a,Partial Translation,المفاوضات الدبلوماسية الشاملة,[OMITTED],أشار التقرير إلى ضرورة تعزيز المفاوضات الدبلوماسية الشاملة لحل النزاع بشكل سلمي ودائم.,أشار التقرير إلى ضرورة تعزيز لحل النزاع بشكل سلمي ودائم.,The report pointed out the need to enhance comprehensive diplomatic negotiations to resolve the conflict in a peaceful and lasting manner.,2026-02-03T01:23:33.491309,LLM_GENERATED,tier2,T2_0910,2
TIER2_Partial_Translation_d907e0b1,Partial Translation,التصديق على الاتفاقية الدولية,[OMITTED],ناشدت اللجنة الدول الأعضاء الإسراع في التصديق على الاتفاقية الدولية لحماية حقوق العمال المهاجرين وأفراد أسرهم.,ناشدت اللجنة الدول الأعضاء الإسراع في لحماية حقوق العمال المهاجرين وأفراد أسرهم.,The committee urged member states to expedite the ratification of the International Convention on the Protection of the Rights of All Migrant Workers and Members of Their Families.,2026-02-03T01:23:37.191113,LLM_GENERATED,tier2,T2_0912,2
TIER2_Partial_Translation_02c796d1,Partial Translation,التدابير الأمنية الاستثنائية,[OMITTED],أعلن المجلس عن أهمية تطبيق التدابير الأمنية الاستثنائية في المناطق التي تشهد تهديدات إرهابية متزايدة.,أعلن المجلس عن أهمية تطبيق في المناطق التي تشهد تهديدات إرهابية متزايدة.,The council announced the importance of implementing exceptional security measures in areas experiencing increasing terrorist threats.,2026-02-03T01:23:40.898023,LLM_GENERATED,tier2,T2_0914,2
TIER2_Partial_Translation_75f7f72d,Partial Translation,التعاون الدولي في مجال مكافحة الإرهاب,[OMITTED],أوصى الأمين العام بتعزيز التعاون الدولي في مجال مكافحة الإرهاب لضمان الأمن والسلام العالميين.,أوصى الأمين العام بتعزيز لضمان الأمن والسلام العالميين.,The Secretary-General recommended enhancing international cooperation in counter-terrorism to ensure global security and peace.,2026-02-03T01:23:42.710018,LLM_GENERATED,tier2,T2_0915,2
TIER2_Partial_Translation_4e5b8c38,Partial Translation,المقترحات المقدمة من الدول الأعضاء,[OMITTED],اعتمدت اللجنة تقريراً شاملاً حول المقترحات المقدمة من الدول الأعضاء في الاجتماع الأخير لتعزيز العلاقات الدبلوماسية.,اعتمدت اللجنة تقريراً شاملاً حول في الاجتماع الأخير لتعزيز العلاقات الدبلوماسية.,The committee adopted a comprehensive report on the proposals submitted by member states at the recent meeting to enhance diplomatic relations.,2026-02-03T01:23:51.872835,LLM_GENERATED,tier2,T2_0918,2
TIER2_Partial_Translation_7fb2408b,Partial Translation,التدابير الدبلوماسية السلمية,[OMITTED],وأيد المجلس استخدام التدابير الدبلوماسية السلمية لتحقيق الأمن والاستقرار في المنطقة المتأثرة بالنزاع.,وأيد المجلس استخدام لتحقيق الأمن والاستقرار في المنطقة المتأثرة بالنزاع.,The Council supported the use of peaceful diplomatic measures to achieve security and stability in the conflict-affected region.,2026-02-03T01:23:56.646995,LLM_GENERATED,tier2,T2_0920,2
TIER2_Partial_Translation_e3262f97,Partial Translation,الإجراءات القانونية المتبعة,[OMITTED],تؤكد اللجنة على أهمية اتباع الإجراءات القانونية المتبعة لضمان الشفافية والمساءلة في جميع الأنشطة المتعلقة بتطبيق القانون.,تؤكد اللجنة على أهمية اتباع لضمان الشفافية والمساءلة في جميع الأنشطة المتعلقة بتطبيق القانون.,The committee emphasizes the importance of following the established legal procedures to ensure transparency and accountability in all law enforcement-related activities.,2026-02-03T01:24:00.436388,LLM_GENERATED,tier2,T2_0922,2
TIER2_Partial_Translation_3aaa0fe1,Partial Translation,المفاوضات المشتركة,[OMITTED],وإذ يؤكد على أهمية المفاوضات المشتركة بين الدول لتحقيق السلام والاستقرار في المنطقة، يدعو المجلس جميع الأطراف إلى الالتزام الكامل بالقرارات الدولية.,وإذ يؤكد على أهمية بين الدول لتحقيق السلام والاستقرار في المنطقة، يدعو المجلس جميع الأطراف إلى الالتزام الكامل بالقرارات الدولية.,"Affirming the importance of joint negotiations between countries to achieve peace and stability in the region, the council calls on all parties to fully comply with international resolutions.",2026-02-03T01:24:03.215255,LLM_GENERATED,tier2,T2_0923,2
TIER2_Partial_Translation_b3e36458,Partial Translation,استراتيجيات التنمية الاجتماعية,[OMITTED],تحث الجمعية الدول الأعضاء على تبني استراتيجيات التنمية الاجتماعية التي تعزز الاستقرار والسلام في المنطقة.,تحث الجمعية الدول الأعضاء على تبني التي تعزز الاستقرار والسلام في المنطقة.,The assembly urges member states to adopt social development strategies that enhance stability and peace in the region.,2026-02-03T01:24:14.042242,LLM_GENERATED,tier2,T2_0925,2
TIER2_Partial_Translation_d10459e2,Partial Translation,المعاهدة الدولية لحماية الأطفال,[OMITTED],يقرر أن تلتزم الدول الأعضاء بتنفيذ المعاهدة الدولية لحماية الأطفال لضمان حقوقهم الأساسية ورفاهيتهم.,يقرر أن تلتزم الدول الأعضاء بتنفيذ لضمان حقوقهم الأساسية ورفاهيتهم.,It is decided that Member States shall commit to implementing the international treaty for child protection to ensure their fundamental rights and well-being.,2026-02-03T01:24:18.382612,LLM_GENERATED,tier2,T2_0927,2
TIER2_Partial_Translation_ddaa5658,Partial Translation,الأسلحة الكيميائية المحظورة,[OMITTED],يدعو مجلس الأمن جميع الدول إلى التعاون في تدمير الأسلحة الكيميائية المحظورة لضمان الأمن والسلام الدوليين.,يدعو مجلس الأمن جميع الدول إلى التعاون في تدمير لضمان الأمن والسلام الدوليين.,The Security Council calls upon all states to cooperate in the destruction of prohibited chemical weapons to ensure international peace and security.,2026-02-03T01:24:25.294689,LLM_GENERATED,tier2,T2_0929,2
TIER2_Partial_Translation_4e59dc31,Partial Translation,الاستجابة الإنسانية السريعة,[OMITTED],طالب التقرير بضرورة توفير الاستجابة الإنسانية السريعة للفئات المتضررة من الكوارث الطبيعية والنزاعات المسلحة.,طالب التقرير بضرورة توفير للفئات المتضررة من الكوارث الطبيعية والنزاعات المسلحة.,The report called for the rapid humanitarian response to the groups affected by natural disasters and armed conflicts.,2026-02-03T01:24:35.848966,LLM_GENERATED,tier2,T2_0931,2
TIER2_Partial_Translation_e99a5f91,Partial Translation,التدريب العسكري المشترك,[OMITTED],دعا المجلس إلى تعزيز التعاون في مجال التدريب العسكري المشترك بين الدول الأعضاء لتعزيز الأمن الإقليمي.,دعا المجلس إلى تعزيز التعاون في مجال بين الدول الأعضاء لتعزيز الأمن الإقليمي.,The council called for enhanced cooperation in joint military training among member states to strengthen regional security.,2026-02-03T01:24:43.024927,LLM_GENERATED,tier2,T2_0934,2
TIER2_Partial_Translation_bcf36072,Partial Translation,الجهود الدبلوماسية الدولية,[OMITTED],أشار التقرير إلى الجهود الدبلوماسية الدولية المبذولة لتعزيز الاستقرار في المنطقة وتحقيق السلام الدائم.,أشار التقرير إلى المبذولة لتعزيز الاستقرار في المنطقة وتحقيق السلام الدائم.,The report highlighted the international diplomatic efforts made to enhance stability in the region and achieve lasting peace.,2026-02-03T01:24:45.618251,LLM_GENERATED,tier2,T2_0935,2
TIER2_Partial_Translation_e4402629,Partial Translation,تقرير الأمين العام السنوي,[OMITTED],أعلن مجلس الأمن عن أهمية دراسة تقرير الأمين العام السنوي لتعزيز التعاون الدولي ومواجهة التحديات العالمية.,أعلن مجلس الأمن عن أهمية دراسة لتعزيز التعاون الدولي ومواجهة التحديات العالمية.,The Security Council announced the importance of studying the annual Secretary-General's report to enhance international cooperation and address global challenges.,2026-02-03T01:24:54.014184,LLM_GENERATED,tier2,T2_0940,2
TIER2_Partial_Translation_eea06d91,Partial Translation,المبادئ القانونية الأساسية,[OMITTED],لاحظ التقرير أهمية الالتزام بالمبادئ القانونية الأساسية المنصوص عليها في الميثاق لحماية حقوق الإنسان.,لاحظ التقرير أهمية الالتزام بالمنصوص عليها في الميثاق لحماية حقوق الإنسان.,The report noted the importance of adhering to the basic legal principles outlined in the charter to protect human rights.,2026-02-03T01:25:00.510277,LLM_GENERATED,tier2,T2_0942,2
TIER2_Partial_Translation_22616321,Partial Translation,الممثل الدائم لدى الأمم المتحدة,[OMITTED],اعتمد المجلس قرارًا يدعو الممثل الدائم لدى الأمم المتحدة إلى تقديم تقرير سنوي حول التقدم المحرز في تنفيذ الأهداف الإنمائية.,اعتمد المجلس قرارًا يدعو إلى تقديم تقرير سنوي حول التقدم المحرز في تنفيذ الأهداف الإنمائية.,The council adopted a resolution calling on the Permanent Representative to the United Nations to submit an annual report on the progress made in implementing the development goals.,2026-02-03T01:25:02.446796,LLM_GENERATED,tier2,T2_0943,2
TIER2_Partial_Translation_455adcee,Partial Translation,الخطط الاستراتيجية العسكرية,[OMITTED],وأعاد المجلس التأكيد على أهمية تنفيذ الخطط الاستراتيجية العسكرية لتعزيز الاستقرار الإقليمي ومنع نشوب الصراعات.,وأعاد المجلس التأكيد على أهمية تنفيذ لتعزيز الاستقرار الإقليمي ومنع نشوب الصراعات.,The council reaffirmed the importance of implementing strategic military plans to enhance regional stability and prevent conflicts.,2026-02-03T01:25:06.974476,LLM_GENERATED,tier2,T2_0944,2
TIER2_Partial_Translation_d803aa77,Partial Translation,الجهود الدولية لتعزيز تدابير مكافحة الإرهاب,[OMITTED],يدعو الأمين العام إلى تكثيف الجهود الدولية لتعزيز تدابير مكافحة الإرهاب والتعاون الوثيق بين الدول الأعضاء في هذا المجال.,يدعو الأمين العام إلى تكثيف والتعاون الوثيق بين الدول الأعضاء في هذا المجال.,The Secretary-General calls for intensifying international efforts to strengthen counter-terrorism measures and close cooperation among member states in this area.,2026-02-03T01:25:20.182303,LLM_GENERATED,tier2,T2_0949,2
TIER2_Partial_Translation_04004f27,Partial Translation,المبادئ الأساسية للحوكمة الرشيدة,[OMITTED],تحث الجمعية الدول الأعضاء على الالتزام بالمبادئ الأساسية للحوكمة الرشيدة لتعزيز السلام والأمن.,تحث الجمعية الدول الأعضاء على الالتزام لتعزيز السلام والأمن.,The Assembly urges member states to adhere to the fundamental principles of good governance to promote peace and security.,2026-02-03T01:25:24.355970,LLM_GENERATED,tier2,T2_0950,2
TIER2_Partial_Translation_a9c3987c,Partial Translation,الامتثال الكامل للقانون الدولي,[OMITTED],يقر مجلس الأمن بالامتثال الكامل للقانون الدولي كضرورة لتحقيق الاستقرار والسلام في المنطقة.,يقر مجلس الأمن بضرورة تحقيق الاستقرار والسلام في المنطقة.,The Security Council acknowledges full compliance with international law as essential for achieving stability and peace in the region.,2026-02-03T01:25:29.375031,LLM_GENERATED,tier2,T2_0952,2
TIER2_Partial_Translation_56b8f0e7,Partial Translation,الالتزام الفوري بوقف إطلاق النار,[OMITTED],يقرر أن تلتزم جميع الأطراف بالالتزام الفوري بوقف إطلاق النار لضمان الأمن والاستقرار في المنطقة.,يقرر أن تلتزم جميع الأطراف لضمان الأمن والاستقرار في المنطقة.,It is decided that all parties must immediately commit to a ceasefire to ensure security and stability in the region.,2026-02-03T01:25:33.389387,LLM_GENERATED,tier2,T2_0954,2
TIER2_Partial_Translation_fa46b1e1,Partial Translation,الالتزامات القانونية الدولية,[OMITTED],طالب المجلس بالتزام الدول بالالتزامات القانونية الدولية لتعزيز السلم والأمن الدوليين.,طالب المجلس بالتزام الدول لتعزيز السلم والأمن الدوليين.,The Council called for states to adhere to international legal commitments to enhance international peace and security.,2026-02-03T01:25:40.439867,LLM_GENERATED,tier2,T2_0957,2
TIER2_Partial_Translation_feb02dfc,Partial Translation,التعاون الوثيق بين الحكومات,[OMITTED],دعا الأمين العام إلى تعزيز التعاون الوثيق بين الحكومات لضمان تحقيق السلام والاستقرار في المنطقة.,دعا الأمين العام إلى تعزيز لضمان تحقيق السلام والاستقرار في المنطقة.,The Secretary-General called for strengthening close cooperation between governments to ensure peace and stability in the region.,2026-02-03T01:25:49.266020,LLM_GENERATED,tier2,T2_0960,2
TIER2_Partial_Translation_e863c743,Partial Translation,الوضع القانوني للاجئين,[OMITTED],ناشد المفوض السامي الدول الأعضاء بمراجعة الوضع القانوني للاجئين وتهيئة الظروف المناسبة لضمان حقوقهم الإنسانية الأساسية.,ناشد المفوض السامي الدول الأعضاء بمراجعة وتهيئة الظروف المناسبة لضمان حقوقهم الإنسانية الأساسية.,The High Commissioner urged member states to review the legal status of refugees and create suitable conditions to ensure their fundamental human rights.,2026-02-03T01:25:50.972561,LLM_GENERATED,tier2,T2_0961,2
TIER2_Partial_Translation_d24bfcc9,Partial Translation,القوات الدولية لحفظ السلام,[OMITTED],أعلن الأمين العام عن إعادة انتشار القوات الدولية لحفظ السلام في المنطقة لتعزيز الأمن والاستقرار.,أعلن الأمين العام عن إعادة انتشار في المنطقة لتعزيز الأمن والاستقرار.,The Secretary-General announced the redeployment of international peacekeeping forces in the region to enhance security and stability.,2026-02-03T01:25:57.375325,LLM_GENERATED,tier2,T2_0964,2
TIER2_Partial_Translation_d967d9d6,Partial Translation,الحماية الدولية للمدنيين,[OMITTED],أوصى التقرير بضرورة تعزيز الحماية الدولية للمدنيين في مناطق النزاع لضمان سلامتهم وأمنهم.,أوصى التقرير بضرورة تعزيز في مناطق النزاع لضمان سلامتهم وأمنهم.,The report recommended strengthening the international protection of civilians in conflict zones to ensure their safety and security.,2026-02-03T01:26:00.687496,LLM_GENERATED,tier2,T2_0966,2
TIER2_Partial_Translation_2a1c512d,Partial Translation,الإجراءات الدبلوماسية الملائمة,[OMITTED],يؤكد المجلس على أهمية الإجراءات الدبلوماسية الملائمة لتعزيز الحوار بين الدول المتنازعة.,يؤكد المجلس على أهمية تعزيز الحوار بين الدول المتنازعة.,The council emphasizes the importance of appropriate diplomatic measures to enhance dialogue between disputing countries.,2026-02-03T01:26:16.090953,LLM_GENERATED,tier2,T2_0973,2
